ID,COMMODITY,Date,Close,Open,High,Low,Volume
12403,BAL,2018-02-05,46.53,46.65,46.65,46.53,1300
12404,BAL,2018-02-06,46.58,46.58,46.58,46.58,200
12405,BAL,2018-02-09,46.55,46.55,46.55,46.55,100
12406,BAL,2018-02-20,47.46,47.74,47.84,47.45,3561
12407,BAL,2018-02-26,49.48,49.48,49.48,49.48,103
12408,BAL,2018-02-27,49.64,49.62,49.64,49.62,1700
12409,BAL,2018-02-28,49.74,49.90,49.90,49.74,425
12410,BAL,2018-03-01,49.02,49.08,49.08,49.02,785
12411,BAL,2018-03-02,49.32,49.47,49.47,49.32,463
12412,BAL,2018-03-05,50.92,50.30,51.20,50.28,624
12413,BAL,2018-03-06,49.45,51.80,51.80,49.45,1211
12414,BAL,2018-03-08,51.14,51.14,51.14,51.14,147
12415,BAL,2018-03-09,50.50,50.67,50.67,50.50,483
12416,BAL,2018-03-13,49.58,50.10,50.25,49.58,787
12417,BAL,2018-03-19,48.91,48.91,48.91,48.91,210
12418,BAL,2018-03-20,49.62,49.61,49.62,49.61,300
12419,BAL,2018-03-23,49.25,49.25,49.25,49.25,321
12420,BAL,2018-03-29,49.30,49.30,49.30,49.30,113
12421,BAL,2018-04-02,49.10,49.10,49.10,49.10,100
12422,BAL,2018-04-03,49.37,49.37,49.37,49.37,100
12423,BAL,2018-04-04,47.92,47.86,47.92,47.86,461
12424,BAL,2018-04-05,49.66,49.66,49.66,49.66,191
12425,BAL,2018-04-06,49.67,50.08,50.08,49.67,328
12426,BAL,2018-04-09,50.29,50.29,50.29,50.29,116
12427,BAL,2018-04-12,50.30,50.32,50.32,50.30,322
12428,BAL,2018-04-13,50.61,50.61,50.61,50.61,166
12429,BAL,2018-04-16,50.40,50.54,50.55,50.39,1472
12430,BAL,2018-04-17,50.20,49.93,50.24,49.80,1151
12431,BAL,2018-04-18,50.05,50.02,50.05,50.01,400
12432,BAL,2018-04-20,51.15,50.98,51.15,50.98,536
12433,BAL,2018-04-23,51.56,51.56,51.56,51.56,1508
12434,BAL,2018-04-24,49.43,50.52,50.66,49.43,2176
12435,BAL,2018-04-30,50.87,50.87,50.87,50.87,2000
12436,BAL,2018-05-02,51.12,51.40,51.47,51.12,1852
12437,BAL,2018-05-04,52.73,51.28,52.73,51.28,761
12438,BAL,2018-05-07,52.35,53.19,53.22,52.32,2512
12439,BAL,2018-05-08,51.71,52.22,52.22,51.71,979
12440,BAL,2018-05-09,51.84,51.95,51.95,51.84,429
12441,BAL,2018-05-10,51.15,51.69,51.69,51.00,739
12442,BAL,2018-05-11,50.66,51.13,51.13,50.63,4233
12443,BAL,2018-05-14,50.82,50.82,50.82,50.82,211
12444,BAL,2018-05-16,51.23,51.34,51.34,51.14,900
12445,BAL,2018-05-17,51.41,51.41,51.41,51.41,500
12446,BAL,2018-05-18,52.81,52.81,52.81,52.81,115
12447,BAL,2018-05-21,53.66,53.57,53.74,53.27,9645
12448,BAL,2018-05-22,52.61,53.35,53.35,52.61,25680
12449,BAL,2018-05-23,52.87,52.82,52.87,52.82,645
12450,BAL,2018-05-24,53.05,52.77,53.05,52.77,1204
12451,BAL,2018-05-25,54.26,53.56,54.26,53.53,4519
12452,BAL,2018-05-29,56.18,55.89,58.52,55.89,8392
12453,BAL,2018-05-30,56.32,56.09,56.32,55.95,4377
12454,BAL,2018-05-31,56.48,56.30,56.48,56.17,5700
12455,BAL,2018-06-01,56.63,56.63,56.63,56.63,267
12456,BAL,2018-06-04,56.00,56.33,56.37,55.82,2735
12457,BAL,2018-06-05,54.49,54.90,55.09,54.47,2181
12458,BAL,2018-06-06,55.15,55.27,55.28,55.14,832
12459,BAL,2018-06-07,56.92,55.30,57.56,55.27,12795
12460,BAL,2018-06-08,57.24,57.81,57.89,57.16,6638
12461,BAL,2018-06-11,57.12,57.45,57.45,56.96,9421
12462,BAL,2018-06-12,57.25,57.24,57.25,57.24,390
12463,BAL,2018-06-13,57.62,57.46,57.79,57.46,471
12464,BAL,2018-06-14,57.64,57.21,57.64,56.96,2710
12465,BAL,2018-06-15,55.56,55.87,55.87,55.38,1556
12466,BAL,2018-06-18,54.57,54.41,54.58,53.99,3338
12467,BAL,2018-06-19,51.97,52.18,52.27,51.88,10928
12468,BAL,2018-06-20,52.00,52.22,52.22,52.00,3701
12469,BAL,2018-06-21,52.10,52.31,52.56,52.10,1223
12470,BAL,2018-06-22,52.75,52.76,52.93,52.75,770
12471,BAL,2018-06-25,52.40,52.60,52.62,52.40,3014
12472,BAL,2018-06-26,52.38,52.43,52.43,52.38,340
12473,BAL,2018-06-27,52.47,52.47,52.47,52.46,777
12474,BAL,2018-06-28,51.94,51.94,51.94,51.94,310
12475,BAL,2018-06-29,52.17,51.64,52.84,51.64,3245
12476,BAL,2018-07-02,51.60,51.48,51.60,51.48,610
12477,BAL,2018-07-03,51.79,51.79,51.79,51.79,240
12478,BAL,2018-07-05,50.98,51.19,51.19,50.73,4332
12479,BAL,2018-07-06,52.33,51.26,52.33,51.23,1450
12480,BAL,2018-07-09,52.83,52.58,52.91,52.58,1900
12481,BAL,2018-07-10,53.35,53.17,53.39,53.17,487
12482,BAL,2018-07-11,52.60,52.72,52.72,52.60,440
12483,BAL,2018-07-12,54.64,53.43,54.88,53.32,10570
12484,BAL,2018-07-13,54.44,54.15,54.44,53.86,3428
12485,BAL,2018-07-16,54.41,54.30,54.41,54.24,1293
12486,BAL,2018-07-18,54.48,54.86,54.87,54.48,1681
12487,BAL,2018-07-19,54.46,54.46,54.46,54.41,2090
12488,BAL,2018-07-20,54.02,53.98,54.02,53.98,820
12489,BAL,2018-07-23,53.51,53.60,53.73,53.42,3966
12490,BAL,2018-07-24,53.47,54.09,54.13,53.47,894
12491,BAL,2018-07-25,54.60,54.91,54.91,54.60,1640
12492,BAL,2018-07-26,54.51,54.51,54.51,54.25,1171
12493,BAL,2018-07-27,54.86,54.86,54.86,54.86,12200
12494,BAL,2018-07-30,55.45,55.58,55.62,55.45,2944
12495,BAL,2018-07-31,55.43,55.49,55.49,55.43,476
12496,BAL,2018-08-01,54.89,55.56,55.56,54.89,1702
12497,BAL,2018-08-02,55.01,54.92,55.01,54.78,2971
12498,BAL,2018-08-03,54.46,54.19,54.47,53.96,1383
12499,BAL,2018-08-06,54.78,54.76,54.80,54.76,1066
12500,BAL,2018-08-07,54.44,54.69,54.70,54.44,737
12501,BAL,2018-08-08,53.93,54.20,54.20,53.90,4916
12502,BAL,2018-08-09,54.24,54.24,54.24,54.24,200
12503,BAL,2018-08-10,52.75,54.07,54.07,52.75,2876
12504,BAL,2018-08-13,51.41,52.07,52.14,50.92,6506
12505,BAL,2018-08-14,51.42,51.45,51.45,51.41,666
12506,BAL,2018-08-15,50.13,50.17,50.17,50.13,255
12507,BAL,2018-08-17,50.66,50.62,50.66,50.62,756
12508,BAL,2018-08-20,51.33,50.90,51.33,50.90,2899
12509,BAL,2018-08-21,51.64,51.64,51.64,51.64,144
12510,BAL,2018-08-22,51.09,51.09,51.09,51.09,882
12511,BAL,2018-08-23,50.68,50.68,50.68,50.68,254
12512,BAL,2018-08-24,50.77,51.42,51.42,50.77,1818
12513,BAL,2018-08-27,51.72,51.04,51.72,51.02,3140
12514,BAL,2018-08-28,52.05,52.05,52.05,52.05,278
12515,BAL,2018-08-29,51.31,51.31,51.35,51.31,900
12516,BAL,2018-08-30,51.03,51.01,51.03,51.01,719
12517,BAL,2018-08-31,51.42,51.22,51.42,51.22,334
12518,BAL,2018-09-04,51.35,50.72,51.35,50.71,1745
12519,BAL,2018-09-05,50.92,50.78,50.92,50.73,2511
12520,BAL,2018-09-06,50.37,50.63,50.63,50.36,433
12521,BAL,2018-09-07,50.90,51.47,51.72,50.90,1934
12522,BAL,2018-09-10,51.88,51.88,51.89,51.80,1344
12523,BAL,2018-09-11,51.56,51.12,51.56,51.08,1606
12524,BAL,2018-09-12,50.99,51.47,51.54,50.78,958
12525,BAL,2018-09-13,50.63,50.98,51.08,50.63,2000
12526,BAL,2018-09-14,50.77,50.72,50.77,50.71,1007
12527,BAL,2018-09-17,50.89,50.90,50.90,50.88,1715
12528,BAL,2018-09-18,48.69,49.64,49.64,48.69,3524
12529,BAL,2018-09-19,49.10,48.81,49.10,48.81,764
12530,BAL,2018-09-20,48.63,48.63,48.80,48.63,1174
12531,BAL,2018-09-21,48.87,48.87,48.87,48.87,200
12532,BAL,2018-09-24,48.86,49.00,49.03,48.86,2460
12533,BAL,2018-09-25,48.90,48.89,48.90,48.89,239
12534,BAL,2018-09-28,47.86,47.87,47.87,47.86,460
12535,BAL,2018-10-01,47.86,47.51,47.86,47.51,369
12536,BAL,2018-10-03,47.68,47.68,47.68,47.68,200
12537,BAL,2018-10-04,47.15,47.23,47.38,47.15,2402
12538,BAL,2018-10-05,47.20,47.58,47.58,47.20,675
12539,BAL,2018-10-08,48.24,48.01,48.24,47.64,2257
12540,BAL,2018-10-09,47.88,48.10,48.28,47.73,1853
12541,BAL,2018-10-10,47.91,47.77,48.28,47.77,16742
12542,BAL,2018-10-11,48.09,47.68,48.13,47.68,2114
12543,BAL,2018-10-12,48.98,48.87,49.00,48.81,9385
12544,BAL,2018-10-15,48.89,48.93,49.07,48.88,2469
12545,BAL,2018-10-16,48.85,49.08,49.08,48.80,4347
12546,BAL,2018-10-17,48.62,48.85,48.85,48.48,1353
12547,BAL,2018-10-18,48.85,48.66,48.86,48.45,5704
12548,BAL,2018-10-19,48.45,48.45,48.45,48.32,1000
12549,BAL,2018-10-22,49.93,49.19,49.99,49.19,12398
12550,BAL,2018-10-23,49.27,48.90,49.31,48.78,5573
12551,BAL,2018-10-24,48.15,49.28,49.28,48.09,2684
12552,BAL,2018-10-25,48.30,47.67,48.41,47.67,3045
12553,BAL,2018-10-26,49.14,48.35,49.14,48.35,4550
12554,BAL,2018-10-29,48.12,48.74,48.74,48.12,1580
12555,BAL,2018-10-30,47.71,48.05,48.05,47.71,2704
12556,BAL,2018-10-31,47.69,47.85,47.85,47.62,2787
12557,BAL,2018-11-01,49.34,49.16,49.34,49.16,1659
12558,BAL,2018-11-02,49.06,48.87,49.06,48.87,850
12559,BAL,2018-11-05,49.15,49.13,49.15,49.13,451
12560,BAL,2018-11-06,48.20,48.83,48.83,48.15,2202
12561,BAL,2018-11-07,49.09,49.10,49.10,48.94,982
12562,BAL,2018-11-08,49.28,49.41,50.06,49.28,1156
12563,BAL,2018-11-09,48.62,48.73,48.73,48.35,2600
12564,BAL,2018-11-12,47.86,48.22,48.22,47.86,3226
12565,BAL,2018-11-13,47.33,47.86,47.86,47.33,1236
12566,BAL,2018-11-14,47.73,47.75,47.88,47.63,1100
12567,BAL,2018-11-15,47.71,48.03,48.03,47.71,2220
12568,BAL,2018-11-16,48.31,48.08,48.31,48.08,950
12569,BAL,2018-11-19,47.55,47.50,47.94,47.45,4420
12570,BAL,2018-11-20,47.23,47.52,47.52,47.23,1551
12571,BAL,2018-11-21,48.04,47.36,48.41,47.36,1900
12572,BAL,2018-11-23,47.27,47.36,47.36,47.27,1592
12573,BAL,2018-11-26,47.80,47.29,47.88,47.29,560
12574,BAL,2018-11-27,47.41,47.65,47.65,47.41,505
12575,BAL,2018-11-28,47.91,48.01,48.01,47.87,1665
12576,BAL,2018-11-29,48.01,47.91,48.24,47.91,1700
12577,BAL,2018-11-30,48.15,48.10,48.34,48.10,1403
12578,BAL,2018-12-03,48.81,49.80,49.80,48.81,38554
12579,BAL,2018-12-04,48.68,48.96,48.96,48.62,44254
12580,BAL,2018-12-06,48.41,48.12,48.47,48.12,2183
12581,BAL,2018-12-07,49.09,48.73,49.32,48.73,4258
12582,BAL,2018-12-10,48.77,48.65,48.88,48.65,1127
12583,BAL,2018-12-11,48.85,49.20,49.20,48.41,5079
12584,BAL,2018-12-12,48.81,48.83,48.90,48.58,1578
12585,BAL,2018-12-13,48.55,48.40,48.55,48.40,1132
12586,BAL,2018-12-14,48.64,48.54,48.64,48.54,284
12587,BAL,2018-12-17,47.93,48.24,48.24,47.65,2898
12588,BAL,2018-12-18,47.57,47.87,47.91,47.57,4246
12589,BAL,2018-12-19,46.80,47.37,47.39,46.80,8553
12590,BAL,2018-12-20,45.95,46.63,46.63,45.86,1598
12591,BAL,2018-12-21,44.90,45.41,45.41,44.70,14766
12592,BAL,2018-12-24,44.46,44.90,44.90,44.46,100
12593,BAL,2018-12-26,44.90,45.04,45.04,44.31,19779
12594,BAL,2018-12-27,44.17,44.07,44.30,44.07,15342
12595,BAL,2018-12-28,44.36,44.04,44.89,44.04,14872
12596,BAL,2018-12-31,44.16,44.18,44.19,44.16,1089
12597,BAL,2019-01-02,43.30,44.43,44.43,43.30,8292
12598,BAL,2019-01-03,43.37,43.45,43.45,43.37,419
12599,BAL,2019-01-04,44.31,43.73,44.79,43.73,17600
12600,BAL,2019-01-07,44.65,44.83,45.14,44.64,1937
12601,BAL,2019-01-08,43.83,45.03,45.03,43.76,16184
12602,BAL,2019-01-09,44.86,44.44,44.97,44.44,4489
12603,BAL,2019-01-10,44.52,44.80,44.80,44.51,2100
12604,BAL,2019-01-11,44.37,44.37,44.37,44.37,100
12605,BAL,2019-01-14,44.62,44.90,44.90,44.62,676
12606,BAL,2019-01-15,44.26,44.38,44.38,44.26,10038
12607,BAL,2019-01-16,44.80,44.75,44.88,44.75,1700
12608,BAL,2019-01-17,45.53,45.29,45.61,45.29,2389
12609,BAL,2019-01-18,46.00,45.18,46.00,45.18,3095
12610,BAL,2019-01-22,44.79,45.04,45.04,44.62,4988
12611,BAL,2019-01-23,45.04,45.36,45.36,45.04,1394
12612,BAL,2019-01-24,44.82,44.82,44.82,44.82,234
12613,BAL,2019-01-25,45.38,45.38,45.38,45.38,52
12614,BAL,2019-01-28,45.15,45.07,45.24,45.07,1301
12615,BAL,2019-01-29,45.41,45.41,45.41,45.41,0
12616,BAL,2019-01-30,45.54,45.50,45.54,45.50,100
12617,BAL,2019-01-31,45.44,45.44,45.44,45.44,5
12618,BAL,2019-02-01,45.12,45.12,45.12,45.12,50
12619,BAL,2019-02-04,44.49,44.76,44.76,44.49,4338
12620,BAL,2019-02-05,44.92,44.64,44.92,44.64,322
12621,BAL,2019-02-06,45.16,45.16,45.16,45.16,290
12622,BAL,2019-02-07,44.54,45.01,45.01,44.54,305
12623,BAL,2019-02-08,44.38,44.43,44.43,44.36,1041
12624,BAL,2019-02-11,43.21,44.08,44.14,43.13,12293
12625,BAL,2019-02-12,42.85,43.18,43.18,42.82,1800
12626,BAL,2019-02-13,42.95,43.02,43.04,42.95,1623
12627,BAL,2019-02-14,43.20,43.02,43.28,43.02,1950
12628,BAL,2019-02-15,43.33,43.05,43.33,43.01,1470
12629,BAL,2019-02-19,43.55,44.10,44.10,43.41,2261
12630,BAL,2019-02-20,43.45,43.55,43.55,43.40,851
12631,BAL,2019-02-21,44.60,44.12,44.60,44.10,2311
12632,BAL,2019-02-22,43.92,43.93,43.93,43.40,6636
12633,BAL,2019-02-25,44.07,44.15,44.19,44.07,2205
12634,BAL,2019-02-26,43.40,43.40,43.40,43.40,280
12635,BAL,2019-02-27,43.63,43.47,43.63,43.47,316
12636,BAL,2019-02-28,43.84,43.84,43.95,43.84,1200
12637,BAL,2019-03-01,44.52,44.07,44.52,43.82,301
12638,BAL,2019-03-04,44.13,44.29,44.29,44.13,452
12639,BAL,2019-03-05,44.94,44.50,44.94,44.50,3365
12640,BAL,2019-03-06,44.81,45.05,45.05,44.76,2206
12641,BAL,2019-03-07,44.09,44.10,44.10,44.06,244
12642,BAL,2019-03-08,44.14,43.83,44.14,43.79,639
12643,BAL,2019-03-11,44.11,44.11,44.11,44.11,135
12644,BAL,2019-03-12,45.21,44.32,45.21,44.32,2353
12645,BAL,2019-03-13,45.74,45.72,45.76,45.48,12252
12646,BAL,2019-03-14,44.82,44.76,44.95,44.76,1638
12647,BAL,2019-03-15,45.52,45.35,45.63,45.35,1522
12648,BAL,2019-03-18,45.56,45.44,45.56,45.38,666
12649,BAL,2019-03-19,45.57,45.69,45.91,45.57,1527
12650,BAL,2019-03-20,45.59,45.58,45.66,45.58,246
12651,BAL,2019-03-21,46.61,45.57,46.89,45.57,856
12652,BAL,2019-03-22,46.19,46.60,46.60,46.16,3671
12653,BAL,2019-03-25,46.81,46.00,46.96,46.00,14559
12654,BAL,2019-03-26,46.96,46.83,46.96,46.83,12871
12655,BAL,2019-03-27,46.44,46.78,46.78,46.44,324
12656,BAL,2019-03-28,45.55,46.23,46.23,45.55,1060
12657,BAL,2019-03-29,46.70,46.22,46.70,46.12,1588
12658,BAL,2019-04-01,46.64,46.93,46.93,46.64,4799
12659,BAL,2019-04-02,46.64,46.64,46.64,46.64,44
12660,BAL,2019-04-03,46.52,46.66,46.66,46.52,1200
12661,BAL,2019-04-04,46.70,46.77,46.77,46.70,255
12662,BAL,2019-04-05,47.29,47.33,47.33,47.29,274
12663,BAL,2019-04-08,47.55,47.54,47.55,47.54,146
12664,BAL,2019-04-09,47.18,47.75,47.75,47.15,2187
12665,BAL,2019-04-10,46.97,47.10,47.10,46.97,403
12666,BAL,2019-04-11,46.72,46.72,46.72,46.72,2
12667,BAL,2019-04-12,47.31,47.58,47.58,47.31,1811
12668,BAL,2019-04-15,46.30,46.28,46.32,46.19,2964
12669,BAL,2019-04-16,47.25,47.16,47.25,46.79,1635
12670,BAL,2019-04-17,47.36,46.97,47.50,46.97,620
12671,BAL,2019-04-18,46.96,47.08,47.08,46.87,4800
12672,BAL,2019-04-22,47.15,47.23,47.23,47.15,390
12673,BAL,2019-04-23,46.79,47.06,47.06,46.65,627
12674,BAL,2019-04-24,46.38,46.30,46.47,46.30,250
12675,BAL,2019-04-25,47.03,46.55,47.03,46.45,1482
12676,BAL,2019-04-26,46.66,46.66,46.66,46.66,137
12677,BAL,2019-04-29,46.29,46.29,46.29,46.29,54
12678,BAL,2019-04-30,46.01,46.10,46.10,46.01,411
12679,BAL,2019-05-01,45.98,45.75,46.01,45.75,476
12680,BAL,2019-05-02,45.39,45.39,45.39,45.39,70
12681,BAL,2019-05-03,45.44,45.64,45.64,45.44,736
12682,BAL,2019-05-06,44.19,44.20,44.20,44.19,569
12683,BAL,2019-05-07,43.96,44.01,44.01,43.96,611
12684,BAL,2019-05-08,43.52,43.68,43.68,43.44,520
12685,BAL,2019-05-09,42.11,42.24,42.29,42.11,10273
12686,BAL,2019-05-10,41.16,42.32,42.32,41.16,1920
12687,BAL,2019-05-13,39.66,40.00,40.00,39.33,14460
12688,BAL,2019-05-14,40.06,40.10,40.15,39.91,2048
12689,BAL,2019-05-15,40.06,39.74,40.14,39.74,4072
12690,BAL,2019-05-16,40.24,40.15,40.24,40.04,21819
12691,BAL,2019-05-17,39.60,39.90,39.94,39.60,900
12692,BAL,2019-05-20,40.92,39.92,40.92,39.77,5042
12693,BAL,2019-05-21,40.54,40.66,40.66,40.37,4383
12694,BAL,2019-05-22,40.22,40.12,40.22,40.05,1782
12695,BAL,2019-05-23,40.63,40.80,40.92,40.63,1962
12696,BAL,2019-05-24,41.16,41.16,41.16,41.16,96
12697,BAL,2019-05-28,41.80,41.56,41.80,41.44,982
12698,BAL,2019-05-29,41.60,41.96,41.96,41.28,8024
12699,BAL,2019-05-30,41.69,41.69,41.69,41.69,10
12700,BAL,2019-05-31,41.03,41.21,41.21,41.03,455
12701,BAL,2019-06-03,41.75,40.92,41.75,40.92,342
12702,BAL,2019-06-04,41.53,41.34,41.60,41.34,1964
12703,BAL,2019-06-05,41.40,41.40,41.40,41.40,25
12704,BAL,2019-06-06,41.22,40.93,41.29,40.93,1305
12705,BAL,2019-06-07,39.79,39.62,39.79,39.62,234
12706,BAL,2019-06-10,39.60,39.61,39.86,39.15,1416
12707,BAL,2019-06-11,39.48,39.50,39.54,39.48,424
12708,BAL,2019-06-12,40.01,39.92,40.01,39.92,713
12709,BAL,2019-06-13,40.41,40.28,40.41,40.28,1356
12710,BAL,2019-06-14,39.89,40.22,40.25,39.89,1121
12711,BAL,2019-06-17,40.25,40.41,40.41,40.25,2193
12712,BAL,2019-06-18,40.50,40.51,41.19,40.50,3661
12713,BAL,2019-06-19,40.75,40.77,40.77,40.65,550
12714,BAL,2019-06-20,40.07,40.56,40.57,40.07,2224
12715,BAL,2019-06-21,39.82,40.15,40.15,39.78,817
12716,BAL,2019-06-24,39.94,39.90,40.00,39.90,3108
12717,BAL,2019-06-25,39.97,40.09,40.09,39.97,400
12718,BAL,2019-06-26,40.34,40.77,40.97,40.34,3379
12719,BAL,2019-06-27,40.15,40.28,40.29,40.15,709
12720,BAL,2019-06-28,40.10,40.39,40.39,40.10,1074
12721,BAL,2019-07-01,40.42,40.96,40.98,40.41,2353
12722,BAL,2019-07-02,40.89,40.24,40.96,40.24,1061
12723,BAL,2019-07-03,40.73,40.93,41.12,40.73,450
12724,BAL,2019-07-05,40.62,40.62,40.62,40.62,84
12725,BAL,2019-07-08,39.95,40.39,40.39,39.95,3126
12726,BAL,2019-07-09,38.40,39.77,39.77,38.01,15761
12727,BAL,2019-07-10,38.97,38.69,39.00,38.68,19141
12728,BAL,2019-07-11,38.45,38.60,38.68,38.30,4014
12729,BAL,2019-07-12,38.23,38.13,38.53,38.11,5644
12730,BAL,2019-07-15,38.92,38.16,39.01,38.15,17961
12731,BAL,2019-07-16,38.52,38.57,38.63,38.27,10607
12732,BAL,2019-07-17,38.07,38.20,38.20,37.86,19715
12733,BAL,2019-07-18,37.58,37.61,37.79,37.55,4936
12734,BAL,2019-07-19,38.38,38.35,38.54,38.24,22793
12735,BAL,2019-07-22,38.62,38.72,38.76,38.62,8418
12736,BAL,2019-07-23,38.76,38.47,38.78,38.34,5609
12737,BAL,2019-07-24,39.13,39.18,39.23,39.04,3136
12738,BAL,2019-07-25,39.00,39.21,39.30,38.98,952
12739,BAL,2019-07-26,39.22,39.22,39.22,39.22,259
12740,BAL,2019-07-29,39.09,38.92,39.09,38.67,3102
12741,BAL,2019-07-30,38.62,38.56,38.63,38.43,1901
12742,BAL,2019-07-31,38.92,38.84,38.92,38.77,726
12743,BAL,2019-08-01,37.92,38.72,38.79,37.86,15171
12744,BAL,2019-08-02,36.23,37.44,37.44,36.18,26773
12745,BAL,2019-08-05,35.67,35.55,35.89,35.00,15597
12746,BAL,2019-08-06,35.73,35.58,35.73,35.51,2757
12747,BAL,2019-08-07,35.88,35.10,35.88,35.10,746
12748,BAL,2019-08-08,36.31,36.26,36.40,36.26,3781
12749,BAL,2019-08-09,35.76,36.11,36.11,35.76,3093
12750,BAL,2019-08-12,35.43,35.50,35.50,35.14,3792
12751,BAL,2019-08-13,36.23,35.12,36.23,35.12,16383
12752,BAL,2019-08-14,36.31,35.91,36.37,35.85,5589
12753,BAL,2019-08-15,36.27,36.27,36.31,36.18,6018
12754,BAL,2019-08-16,36.73,36.78,36.78,36.50,2980
12755,BAL,2019-08-19,35.86,36.59,36.59,35.84,2851
12756,BAL,2019-08-20,35.99,36.37,36.38,35.99,1145
12757,BAL,2019-08-21,36.50,36.10,36.53,36.10,2581
12758,BAL,2019-08-22,35.87,35.94,36.16,35.87,914
12759,BAL,2019-08-23,35.45,35.64,35.80,35.37,7827
12760,BAL,2019-08-26,35.13,34.97,35.17,34.80,5792
12761,BAL,2019-08-27,35.42,35.70,36.24,35.38,4894
12762,BAL,2019-08-28,35.77,35.55,35.86,35.55,1931
12763,BAL,2019-08-29,35.98,35.78,35.98,35.78,3206
12764,BAL,2019-08-30,35.90,36.09,36.09,35.80,2728
12765,BAL,2019-09-03,35.37,35.13,35.55,35.13,6081
12766,BAL,2019-09-04,35.46,35.53,35.71,35.46,3480
12767,BAL,2019-09-05,36.00,35.97,36.03,35.97,3233
12768,BAL,2019-09-06,35.62,36.04,36.05,35.44,27832
12769,BAL,2019-09-09,35.91,35.91,35.96,35.90,18522
12770,BAL,2019-09-10,36.19,36.25,36.34,36.05,1926
12771,BAL,2019-09-11,36.20,36.17,36.23,36.08,4031
12772,BAL,2019-09-12,37.99,36.61,38.03,36.61,41376
12773,BAL,2019-09-13,38.01,38.28,38.54,37.98,21277
12774,BAL,2019-09-16,38.15,38.49,38.49,37.99,12951
12775,BAL,2019-09-17,37.46,38.15,38.15,37.10,27050
12776,BAL,2019-09-18,36.74,37.08,37.10,36.74,6792
12777,BAL,2019-09-19,36.86,37.07,37.07,36.76,6252
12778,BAL,2019-09-20,36.96,36.91,36.96,36.83,7401
12779,BAL,2019-09-23,37.10,37.03,37.51,36.98,25852
12780,BAL,2019-09-24,36.80,36.60,36.92,36.60,13581
12781,BAL,2019-09-25,36.85,36.60,36.85,36.60,1078
12782,BAL,2019-09-26,36.74,36.92,36.92,36.60,545
12783,BAL,2019-09-27,37.16,36.66,37.16,36.66,1201
12784,BAL,2019-09-30,37.06,36.78,37.18,36.76,12293
12785,BAL,2019-10-01,37.18,37.25,37.25,36.89,1423
12786,BAL,2019-10-02,37.31,36.90,37.35,36.90,1572
12787,BAL,2019-10-03,37.69,37.92,38.36,37.59,7559
12788,BAL,2019-10-04,37.68,37.80,37.85,37.60,1452
12789,BAL,2019-10-07,37.72,37.70,37.90,37.49,1294
12790,BAL,2019-10-08,37.47,37.57,37.57,37.47,656
12791,BAL,2019-10-09,37.88,37.63,37.88,37.63,591
12792,BAL,2019-10-10,37.58,37.71,38.03,37.50,2106
12793,BAL,2019-10-11,39.04,37.98,39.04,37.90,34514
12794,BAL,2019-10-14,38.04,39.06,39.10,37.95,22748
12795,BAL,2019-10-15,38.70,38.72,38.73,38.46,10064
12796,BAL,2019-10-16,39.40,38.85,39.41,38.85,7157
12797,BAL,2019-10-17,39.74,39.61,39.74,39.25,16738
12798,BAL,2019-10-18,39.88,39.88,39.88,39.74,2180
12799,BAL,2019-10-21,39.38,39.68,39.68,39.38,3338
12800,BAL,2019-10-22,39.39,39.66,39.74,39.39,8056
12801,BAL,2019-10-23,39.63,39.51,39.78,39.49,1632
12802,BAL,2019-10-24,39.57,39.80,39.80,39.48,3473
12803,BAL,2019-10-25,39.67,39.90,39.90,39.67,722
12804,BAL,2019-10-28,39.57,39.67,39.67,39.39,2630
12805,BAL,2019-10-29,39.55,39.63,39.70,39.55,1375
12806,BAL,2019-10-30,40.24,39.77,40.32,39.77,4211
12807,BAL,2019-10-31,39.23,39.84,39.86,39.16,7631
12808,BAL,2019-11-01,39.34,39.07,39.34,39.07,1404
12809,BAL,2019-11-04,38.94,39.18,39.33,38.92,4160
12810,BAL,2019-11-05,38.94,38.90,39.21,38.90,15228
12811,BAL,2019-11-06,38.78,39.06,39.06,38.78,3093
12812,BAL,2019-11-07,39.21,39.29,39.46,39.21,1126
12813,BAL,2019-11-08,39.40,39.03,39.64,39.03,1733
12814,BAL,2019-11-11,39.29,39.40,39.49,39.02,2246
12815,BAL,2019-11-12,39.41,39.42,39.44,39.41,497
12816,BAL,2019-11-13,39.29,39.41,39.55,39.18,1377
12817,BAL,2019-11-14,39.28,39.30,39.30,39.28,294
12818,BAL,2019-11-15,39.64,39.68,39.76,39.64,4396
12819,BAL,2019-11-18,39.10,39.10,39.23,38.82,6383
12820,BAL,2019-11-19,38.84,39.25,39.25,38.84,487
12821,BAL,2019-11-20,38.15,38.76,39.02,38.12,2381
12822,BAL,2019-11-21,37.83,38.45,38.49,37.83,2715
12823,BAL,2019-11-22,38.56,38.24,38.57,38.24,1416
12824,BAL,2019-11-25,39.14,38.16,39.14,38.16,1202
12825,BAL,2019-11-26,39.18,39.30,39.30,39.18,702
12826,BAL,2019-11-27,39.22,39.12,39.22,39.07,1845
12827,BAL,2019-11-29,38.83,38.86,38.99,38.83,1950
12828,BAL,2019-12-02,38.58,39.12,39.12,38.58,1264
12829,BAL,2019-12-03,38.12,38.52,38.54,38.10,1642
12830,BAL,2019-12-04,38.56,38.48,38.56,38.48,100
12831,BAL,2019-12-05,38.41,38.55,38.57,38.36,1229
12832,BAL,2019-12-06,39.12,38.97,39.29,38.97,1668
12833,BAL,2019-12-09,38.84,38.71,38.84,38.71,135
12834,BAL,2019-12-10,39.21,39.03,39.21,39.03,1405
12835,BAL,2019-12-11,39.28,39.12,39.30,39.12,6596
12836,BAL,2019-12-12,39.97,39.24,40.05,39.07,2602
12837,BAL,2019-12-13,39.52,39.63,39.92,39.47,2907
12838,BAL,2019-12-16,39.89,39.77,39.95,39.54,725
12839,BAL,2019-12-17,39.52,39.56,39.60,39.52,1475
12840,BAL,2019-12-18,39.72,39.81,39.81,39.72,556
12841,BAL,2019-12-19,40.27,39.95,40.36,39.91,5084
12842,BAL,2019-12-20,40.54,40.30,40.63,40.20,10259
12843,BAL,2019-12-23,40.81,40.75,40.92,40.75,8320
12844,BAL,2019-12-24,40.84,40.72,40.84,40.72,1127
12845,BAL,2019-12-26,41.01,41.01,41.20,41.01,1086
12846,BAL,2019-12-27,40.84,41.17,41.17,40.84,810
12847,BAL,2019-12-30,41.44,41.35,41.50,41.16,2747
12848,BAL,2019-12-31,41.11,41.62,41.62,41.01,11839
12849,BAL,2020-01-02,41.32,41.42,41.50,41.32,7213
12850,BAL,2020-01-03,41.23,41.10,41.24,40.97,10767
12851,BAL,2020-01-06,41.71,41.33,41.76,41.33,9299
12852,BAL,2020-01-07,41.72,41.50,41.72,41.50,2782
12853,BAL,2020-01-08,41.72,41.65,41.72,41.65,396
12854,BAL,2020-01-09,42.05,41.69,42.17,41.69,2828
12855,BAL,2020-01-10,42.43,42.26,42.43,42.15,1564
12856,BAL,2020-01-13,42.60,42.79,42.89,42.51,5655
12857,BAL,2020-01-14,42.56,42.72,42.72,42.50,948
12858,BAL,2020-01-15,41.92,42.35,42.35,41.92,2055
12859,BAL,2020-01-16,41.92,41.78,41.92,41.63,2019
12860,BAL,2020-01-17,42.51,42.51,42.51,42.51,315
12861,BAL,2020-01-21,41.39,42.23,42.23,41.39,7705
12862,BAL,2020-01-22,42.19,41.61,42.38,41.61,2456
12863,BAL,2020-01-23,41.65,41.61,41.85,41.61,1219
12864,BAL,2020-01-24,41.34,41.53,41.53,41.20,4015
12865,BAL,2020-01-27,41.33,40.67,41.44,40.45,4570
12866,BAL,2020-01-28,41.84,41.40,41.84,41.40,913
12867,BAL,2020-01-29,41.72,41.83,41.88,41.72,1792
12868,BAL,2020-01-30,41.05,41.19,41.19,40.80,18019
12869,BAL,2020-01-31,40.29,40.78,40.80,40.18,2927
12870,BAL,2020-02-03,39.78,40.45,40.45,39.71,1575
12871,BAL,2020-02-04,40.27,40.40,40.40,40.27,1063
12872,BAL,2020-02-05,40.33,40.57,40.65,40.33,803
12873,BAL,2020-02-06,40.46,40.33,40.46,40.33,346
12874,BAL,2020-02-07,40.35,40.22,40.41,40.22,1941
12875,BAL,2020-02-10,40.63,40.52,40.63,40.52,293
12876,BAL,2020-02-11,40.79,40.75,40.83,40.65,3413
12877,BAL,2020-02-12,40.85,40.71,40.85,40.71,216
12878,BAL,2020-02-13,40.69,40.73,40.73,40.55,464
12879,BAL,2020-02-14,40.19,40.39,40.39,40.19,1778
12880,BAL,2020-02-18,40.80,41.07,41.07,40.80,783
12881,BAL,2020-02-19,41.19,40.97,41.35,40.97,479
12882,BAL,2020-02-20,41.05,41.10,41.10,40.73,893
12883,BAL,2020-02-21,40.72,41.09,41.09,40.61,690
12884,BAL,2020-02-24,39.70,39.38,39.94,39.01,4631
12885,BAL,2020-02-25,39.28,39.60,39.60,39.28,411
12886,BAL,2020-02-26,38.55,39.00,39.05,38.46,3587
12887,BAL,2020-02-27,36.98,37.72,37.72,36.94,3858
12888,BAL,2020-02-28,36.34,36.14,36.60,35.91,3706
12889,BAL,2020-03-02,37.51,37.39,37.71,37.09,2041
12890,BAL,2020-03-03,37.20,37.35,37.52,37.08,1725
12891,BAL,2020-03-04,37.40,37.50,37.50,37.28,1847
12892,BAL,2020-03-05,37.50,37.29,37.60,37.29,2503
12893,BAL,2020-03-06,37.23,36.98,37.39,36.97,998
12894,BAL,2020-03-09,36.32,36.00,36.80,35.92,2899
12895,BAL,2020-03-10,36.31,36.31,36.31,36.31,31
12896,BAL,2020-03-11,36.39,36.27,36.39,36.26,574
12897,BAL,2020-03-12,35.34,35.29,35.68,35.13,2610
12898,BAL,2020-03-13,35.95,36.45,36.45,35.44,4102
12899,BAL,2020-03-16,34.73,34.80,35.02,34.51,2723
12900,BAL,2020-03-17,34.22,34.91,34.91,34.22,4603
12901,BAL,2020-03-18,33.68,34.21,34.21,33.06,2458
12902,BAL,2020-03-19,32.74,32.90,32.90,31.82,9432
12903,BAL,2020-03-20,31.77,36.96,36.96,31.73,13673
12904,BAL,2020-03-23,30.66,30.41,30.94,30.05,3809
12905,BAL,2020-03-24,31.60,30.65,32.25,30.65,5772
12906,BAL,2020-03-25,31.00,31.06,31.23,30.87,1780
12907,BAL,2020-03-26,31.00,30.92,31.25,30.92,3146
12908,BAL,2020-03-27,30.18,30.58,30.66,30.16,2338
12909,BAL,2020-03-30,29.31,29.57,29.57,29.15,2945
12910,BAL,2020-03-31,29.49,29.51,29.66,29.39,1670
12911,BAL,2020-04-01,29.16,29.19,29.42,29.00,4706
12912,BAL,2020-04-02,30.08,29.15,30.28,29.15,1942
12913,BAL,2020-04-03,29.79,30.30,30.30,28.45,2709
12914,BAL,2020-04-06,31.26,29.91,31.42,29.91,5460
12915,BAL,2020-04-07,30.84,32.07,32.07,29.50,5230
12916,BAL,2020-04-08,31.62,32.03,32.03,31.49,11323
12917,BAL,2020-04-09,31.57,31.10,31.69,31.10,2321
12918,BAL,2020-04-13,31.39,31.55,31.68,30.77,10615
12919,BAL,2020-04-14,31.21,30.84,31.45,30.81,3829
12920,BAL,2020-04-15,30.65,30.85,30.85,30.35,1658
12921,BAL,2020-04-16,31.24,30.75,31.34,30.56,3200
12922,BAL,2020-04-17,31.00,32.22,32.25,31.00,17125
12923,BAL,2020-04-20,31.80,31.33,31.80,30.79,4507
12924,BAL,2020-04-21,31.13,31.01,31.67,30.92,2143
12925,BAL,2020-04-22,32.56,32.09,32.69,32.09,4435
12926,BAL,2020-04-23,33.10,32.82,33.37,32.82,10129
12927,BAL,2020-04-24,32.79,33.13,33.20,32.34,13204
12928,BAL,2020-04-27,32.29,32.04,32.29,31.83,5464
12929,BAL,2020-04-28,32.83,32.91,33.43,32.83,1211
12930,BAL,2020-04-29,33.38,33.36,33.38,32.40,7555
12931,BAL,2020-04-30,33.72,32.61,33.77,32.00,4790
12932,BAL,2020-05-01,32.68,32.64,32.70,32.52,1122
12933,BAL,2020-05-04,31.98,31.88,31.98,31.80,499
12934,BAL,2020-05-05,30.52,31.31,31.31,29.47,3356
12935,BAL,2020-05-06,32.06,31.69,32.16,31.38,3002
12936,BAL,2020-05-07,32.45,32.60,32.60,31.29,4341
12937,BAL,2020-05-08,33.09,34.00,34.00,32.48,2032
12938,BAL,2020-05-11,33.33,33.49,33.49,33.26,2090
12939,BAL,2020-05-12,34.13,33.50,34.13,33.50,2323
12940,BAL,2020-05-13,33.75,34.02,34.02,33.75,590
12941,BAL,2020-05-14,33.90,33.64,33.95,33.64,299
12942,BAL,2020-05-15,33.95,34.46,34.46,33.85,738
12943,BAL,2020-05-18,33.96,34.66,34.66,33.30,3722
12944,BAL,2020-05-19,34.83,34.46,34.83,34.46,667
12945,BAL,2020-05-20,34.05,34.75,34.75,34.05,1626
12946,BAL,2020-05-21,33.92,34.12,34.25,33.91,1639
12947,BAL,2020-05-22,33.69,33.69,33.69,33.69,42
12948,BAL,2020-05-26,34.15,34.24,34.24,34.15,462
12949,BAL,2020-05-27,34.05,33.95,34.33,33.95,5812
12950,BAL,2020-05-28,33.60,34.23,34.23,33.58,1172
12951,BAL,2020-05-29,33.55,33.37,33.55,33.33,806
12952,BAL,2020-06-01,35.80,34.67,35.89,34.66,13336
12953,BAL,2020-06-02,35.57,35.80,35.89,35.57,1151
12954,BAL,2020-06-03,35.55,35.44,35.55,35.44,410
12955,BAL,2020-06-04,35.23,35.55,35.55,35.22,952
12956,BAL,2020-06-05,36.10,35.63,36.33,34.59,3465
12957,BAL,2020-06-08,35.13,35.93,35.93,35.04,770
12958,BAL,2020-06-09,35.56,35.38,35.62,35.38,650
12959,BAL,2020-06-10,35.70,35.32,35.70,35.32,876
12960,BAL,2020-06-11,35.16,35.09,35.19,35.09,734
12961,BAL,2020-06-12,34.98,35.44,35.44,34.98,976
12962,BAL,2020-06-15,34.17,34.78,34.78,34.17,1061
12963,BAL,2020-06-16,34.68,34.67,35.01,34.64,4657
12964,BAL,2020-06-17,35.64,35.51,35.65,35.47,1249
12965,BAL,2020-06-18,35.13,35.66,35.66,35.13,764
12966,BAL,2020-06-19,35.43,35.28,35.80,35.28,3115
12967,BAL,2020-06-22,35.62,34.95,35.62,34.95,1444
12968,BAL,2020-06-23,35.25,35.40,35.40,35.25,1629
12969,BAL,2020-06-24,35.11,35.42,35.42,35.11,342
12970,BAL,2020-06-25,35.24,35.00,35.24,34.95,333
12971,BAL,2020-06-26,35.23,35.15,35.23,35.12,1409
12972,BAL,2020-06-29,35.27,35.44,35.44,35.21,742
12973,BAL,2020-06-30,36.20,35.37,36.37,35.37,1436
12974,BAL,2020-07-01,37.10,36.56,37.14,36.56,2822
12975,BAL,2020-07-02,37.20,36.99,37.20,36.99,787
12976,BAL,2020-07-06,37.35,37.53,37.81,37.35,911
12977,BAL,2020-07-07,37.35,37.37,37.47,37.22,1090
12978,BAL,2020-07-08,37.96,37.49,38.05,37.42,7214
12979,BAL,2020-07-09,37.91,38.30,38.40,37.89,3551
12980,BAL,2020-07-10,38.31,38.15,38.46,37.99,2443
12981,BAL,2020-07-13,37.57,37.64,37.65,37.54,1366
12982,BAL,2020-07-14,37.20,37.30,37.31,37.20,857
12983,BAL,2020-07-15,36.96,37.08,37.08,36.93,3419
12984,BAL,2020-07-16,37.13,36.76,37.25,36.76,1381
12985,BAL,2020-07-17,36.83,37.00,37.00,36.74,849
12986,BAL,2020-07-20,37.19,37.49,37.49,37.18,1617
12987,BAL,2020-07-21,37.36,37.33,37.36,37.33,739
12988,BAL,2020-07-22,37.16,37.20,37.30,37.16,692
12989,BAL,2020-07-23,36.61,37.07,37.07,36.50,1278
12990,BAL,2020-07-24,35.85,35.68,35.85,35.31,6900
12991,BAL,2020-07-27,36.25,35.85,36.72,35.85,3106
12992,BAL,2020-07-28,36.36,36.23,36.37,36.22,629
12993,BAL,2020-07-29,36.55,36.50,36.55,36.36,1176
12994,BAL,2020-07-30,37.34,36.43,37.51,36.42,3488
12995,BAL,2020-07-31,37.41,37.33,37.44,37.03,3075
12996,BAL,2020-08-03,37.69,37.55,37.79,37.55,2459
12997,BAL,2020-08-04,37.77,37.99,38.07,37.76,869
12998,BAL,2020-08-05,38.15,38.14,38.19,38.11,854
12999,BAL,2020-08-06,38.32,38.30,38.50,38.30,3010
13000,BAL,2020-08-07,36.84,38.08,38.08,36.57,6075
13001,BAL,2020-08-10,37.14,37.00,37.35,36.95,2960
13002,BAL,2020-08-11,37.56,37.30,37.56,37.30,761
13003,BAL,2020-08-12,36.87,37.63,37.63,36.80,1703
13004,BAL,2020-08-13,37.17,37.21,37.51,37.15,1910
13005,BAL,2020-08-14,37.36,37.38,37.52,37.36,2418
13006,BAL,2020-08-17,37.26,37.61,37.61,37.23,2374
13007,BAL,2020-08-18,37.33,37.50,37.70,37.04,6300
13008,BAL,2020-08-19,37.49,37.55,37.72,37.47,10165
13009,BAL,2020-08-20,37.91,37.60,38.25,37.60,1626
13010,BAL,2020-08-21,38.08,38.04,38.12,38.00,2050
13011,BAL,2020-08-24,38.68,38.83,39.23,38.63,3806
13012,BAL,2020-08-25,38.75,39.00,39.28,38.75,4584
13013,BAL,2020-08-26,39.15,39.13,39.23,38.67,2858
13014,BAL,2020-08-27,38.76,38.68,38.91,38.58,1926
13015,BAL,2020-08-28,38.56,38.63,38.76,38.53,3267
13016,BAL,2020-08-31,38.65,38.80,38.87,38.65,1820
13017,BAL,2020-09-01,38.82,39.06,39.42,38.60,6183
13018,BAL,2020-09-02,38.61,38.40,38.96,38.38,4488
13019,BAL,2020-09-03,38.16,38.98,38.98,37.94,2481
13020,BAL,2020-09-04,38.77,37.98,38.77,37.79,2858
13021,BAL,2020-09-08,38.00,37.77,38.05,37.77,2732
13022,BAL,2020-09-09,38.19,39.35,39.35,38.00,14227
13023,BAL,2020-09-10,38.43,38.84,38.84,38.34,5572
13024,BAL,2020-09-11,38.57,38.72,39.13,38.57,3246
13025,BAL,2020-09-14,39.04,39.18,39.48,39.04,3281
13026,BAL,2020-09-15,39.19,38.80,39.40,38.80,4810
13027,BAL,2020-09-16,39.43,39.44,39.48,39.35,2509
13028,BAL,2020-09-17,38.86,39.12,39.30,38.78,2247
13029,BAL,2020-09-18,38.99,38.71,38.99,38.67,5525
13030,BAL,2020-09-21,38.55,38.79,38.79,38.40,4030
13031,BAL,2020-09-22,38.68,38.74,38.76,38.68,1423
13032,BAL,2020-09-23,38.46,38.46,38.46,38.46,244
13033,BAL,2020-09-24,38.82,38.57,38.82,38.57,404
13034,BAL,2020-09-25,38.80,39.15,39.15,38.79,738
13035,BAL,2020-09-28,38.82,39.08,39.17,38.82,1363
13036,BAL,2020-09-29,38.70,38.31,38.71,38.31,1238
13037,BAL,2020-09-30,38.88,38.64,39.18,38.64,894
13038,BAL,2020-10-01,39.04,38.87,39.04,38.85,1402
13039,BAL,2020-10-02,39.00,38.55,39.00,38.55,479
13040,BAL,2020-10-05,38.96,39.92,39.92,38.95,2253
13041,BAL,2020-10-06,39.51,39.24,39.51,39.24,619
13042,BAL,2020-10-07,39.86,39.83,40.25,39.83,3578
13043,BAL,2020-10-08,40.00,40.37,40.37,39.87,1032
13044,BAL,2020-10-09,39.90,40.53,40.58,39.86,5545
13045,BAL,2020-10-12,40.39,40.72,41.10,40.38,3376
13046,BAL,2020-10-13,40.88,40.68,40.88,40.60,479
13047,BAL,2020-10-14,40.63,40.66,40.68,40.62,334
13048,BAL,2020-10-15,41.13,40.87,41.29,40.87,1159
13049,BAL,2020-10-16,41.41,41.24,41.41,41.03,7058
13050,BAL,2020-10-19,42.16,41.85,42.57,41.85,4405
13051,BAL,2020-10-20,42.00,42.20,42.40,41.96,2151
13052,BAL,2020-10-21,42.26,42.41,42.96,42.18,3317
13053,BAL,2020-10-22,42.34,42.49,42.53,42.19,957
13054,BAL,2020-10-23,42.06,42.25,42.35,42.05,3286
13055,BAL,2020-10-26,42.68,42.07,42.71,42.07,3902
13056,BAL,2020-10-27,42.71,42.66,42.84,42.65,599
13057,BAL,2020-10-28,41.35,42.36,42.36,41.08,5937
13058,BAL,2020-10-29,41.38,41.35,41.41,41.35,1954
13059,BAL,2020-10-30,40.84,40.50,41.10,40.50,1681
13060,BAL,2020-11-02,40.54,40.74,40.74,40.54,916
13061,BAL,2020-11-03,41.39,41.38,41.60,41.17,3919
13062,BAL,2020-11-04,41.73,41.58,41.73,41.58,1911
13063,BAL,2020-11-05,41.67,42.00,42.04,41.65,8213
13064,BAL,2020-11-06,40.75,40.92,41.10,40.66,1429
13065,BAL,2020-11-09,41.72,41.22,41.72,41.21,2463
13066,BAL,2020-11-10,41.48,41.44,41.60,41.43,1500
13067,BAL,2020-11-11,41.15,41.41,41.41,41.15,817
13068,BAL,2020-11-12,40.98,41.28,41.28,40.98,568
13069,BAL,2020-11-13,40.80,40.75,40.81,40.56,1979
13070,BAL,2020-11-16,41.25,41.33,41.43,41.16,4011
13071,BAL,2020-11-17,41.12,41.20,41.22,41.12,1413
13072,BAL,2020-11-18,41.45,41.22,41.45,41.22,340
13073,BAL,2020-11-19,41.16,41.16,41.16,41.16,224
13074,BAL,2020-11-20,41.98,41.65,42.24,41.65,2880
13075,BAL,2020-11-23,42.73,42.20,42.93,42.18,11908
13076,BAL,2020-11-24,42.12,41.73,42.12,41.73,3539
13077,BAL,2020-11-25,41.88,41.85,41.88,41.77,1780
13078,BAL,2020-11-27,42.39,42.30,42.39,42.17,2989
13079,BAL,2020-11-30,41.76,41.93,41.93,41.54,2729
13080,BAL,2020-12-01,41.69,41.78,42.00,41.61,942
13081,BAL,2020-12-02,41.41,41.43,41.69,41.34,3493
13082,BAL,2020-12-03,41.05,41.29,41.50,40.95,4587
13083,BAL,2020-12-04,41.25,41.41,41.58,41.15,2551
13084,BAL,2020-12-07,41.81,41.04,42.01,41.04,6198
13085,BAL,2020-12-08,41.63,41.70,41.70,41.31,1494
13086,BAL,2020-12-09,42.10,41.48,42.34,41.48,2308
13087,BAL,2020-12-10,42.85,41.95,43.06,41.95,4665
13088,BAL,2020-12-11,42.72,43.11,43.29,42.72,1473
13089,BAL,2020-12-14,43.07,43.00,43.21,43.00,1903
13090,BAL,2020-12-15,43.49,43.25,43.68,43.25,2811
13091,BAL,2020-12-16,43.45,43.55,43.83,43.45,2391
13092,BAL,2020-12-17,44.47,44.22,44.71,44.12,2631
13093,BAL,2020-12-18,44.41,44.03,44.47,44.03,1331
13094,BAL,2020-12-21,43.11,44.00,44.00,43.01,3136
13095,BAL,2020-12-22,42.95,43.12,43.26,42.83,2796
13096,BAL,2020-12-23,43.96,43.67,43.96,43.67,898
13097,BAL,2020-12-24,43.97,43.94,43.97,43.94,123
13098,BAL,2020-12-28,44.09,44.25,44.28,44.00,2374
13099,BAL,2020-12-29,44.35,44.57,44.66,44.31,2872
13100,BAL,2020-12-30,44.97,44.76,45.10,44.76,2404
13101,BAL,2020-12-31,45.00,44.99,45.05,44.79,920
13102,BAL,2021-01-04,45.54,45.78,46.00,45.31,17187
13103,BAL,2021-01-05,46.30,45.79,46.55,45.79,3329
13104,BAL,2021-01-06,46.09,46.41,46.41,45.98,1444
13105,BAL,2021-01-07,45.96,46.29,46.29,45.96,1996
13106,BAL,2021-01-08,46.05,45.86,46.05,45.86,2774
13107,BAL,2021-01-11,46.31,45.60,46.31,45.50,1876
13108,BAL,2021-01-12,46.97,46.30,47.05,46.30,2944
13109,BAL,2021-01-13,46.53,46.87,46.87,46.53,966
13110,BAL,2021-01-14,46.86,46.96,46.96,46.75,1676
13111,BAL,2021-01-15,46.41,46.95,46.95,46.41,1185
13112,BAL,2021-01-19,46.58,47.20,47.24,46.43,4232
13113,BAL,2021-01-20,46.98,46.41,46.98,46.41,1030
13114,BAL,2021-01-21,47.67,47.58,47.68,46.57,2933
13115,BAL,2021-01-22,46.99,47.57,47.57,46.99,1123
13116,BAL,2021-01-25,47.51,46.99,47.51,46.99,1616
13117,BAL,2021-01-26,47.09,47.09,47.09,47.09,260
13118,BAL,2021-01-27,46.54,46.71,46.71,46.39,1829
13119,BAL,2021-01-28,45.94,46.77,46.77,45.89,2028
13120,BAL,2021-01-29,46.43,45.68,46.43,45.68,787
13121,BAL,2021-02-01,45.95,46.05,46.71,45.95,3148
13122,BAL,2021-02-02,46.37,46.36,46.52,46.36,612
13123,BAL,2021-02-03,46.71,46.52,46.81,46.52,1030
13124,BAL,2021-02-04,48.43,47.12,48.81,47.12,2425
13125,BAL,2021-02-05,47.60,48.01,48.01,47.46,4249
13126,BAL,2021-02-08,48.42,47.57,48.77,47.57,4864
13127,BAL,2021-02-09,49.89,49.73,50.03,49.51,4531
13128,BAL,2021-02-10,48.85,48.99,48.99,48.68,37476
13129,BAL,2021-02-11,49.81,49.76,49.81,49.34,1128
13130,BAL,2021-02-12,50.12,49.65,50.19,49.29,2530
13131,BAL,2021-02-16,50.68,50.95,50.96,50.61,4032
13132,BAL,2021-02-17,50.93,50.52,50.95,50.36,2365
13133,BAL,2021-02-18,51.09,51.29,51.29,50.77,3059
13134,BAL,2021-02-19,51.36,51.55,51.55,51.20,2218
13135,BAL,2021-02-22,52.39,51.84,52.52,51.84,3538
13136,BAL,2021-02-23,52.59,52.10,52.65,52.10,2384
13137,BAL,2021-02-24,53.18,52.48,53.38,51.88,3739
13138,BAL,2021-02-25,50.58,52.53,52.53,50.46,5713
13139,BAL,2021-02-26,50.43,50.74,50.74,50.34,1263
13140,BAL,2021-03-01,51.92,52.00,52.06,51.76,2948
13141,BAL,2021-03-02,51.77,51.50,51.84,51.15,7494
13142,BAL,2021-03-03,50.39,51.19,51.19,50.01,10001
13143,BAL,2021-03-04,49.53,50.24,50.55,49.15,22362
13144,BAL,2021-03-05,49.75,49.37,49.79,49.00,4906
13145,BAL,2021-03-08,50.05,49.56,50.05,49.56,3771
13146,BAL,2021-03-09,47.81,48.86,49.09,47.70,16163
13147,BAL,2021-03-10,48.34,48.22,48.85,48.09,7946
13148,BAL,2021-03-11,50.22,50.15,50.31,49.43,37052
13149,BAL,2021-03-12,49.86,49.81,49.97,49.22,12956
13150,BAL,2021-03-15,49.28,49.43,49.44,48.84,6981
13151,BAL,2021-03-16,49.40,49.28,49.56,49.09,5890
13152,BAL,2021-03-17,49.20,49.42,49.68,49.19,2897
13153,BAL,2021-03-18,48.27,49.12,49.26,48.20,14961
13154,BAL,2021-03-19,47.99,47.83,48.51,47.35,5184
13155,BAL,2021-03-22,47.91,48.00,48.31,47.72,3539
13156,BAL,2021-03-23,47.27,47.78,47.81,47.16,1651
13157,BAL,2021-03-24,46.42,46.80,46.80,46.42,4512
13158,BAL,2021-03-25,44.39,44.28,46.30,44.01,10997
13159,BAL,2021-03-26,45.51,45.24,45.90,45.24,11533
13160,BAL,2021-03-29,45.58,45.14,45.64,45.14,4748
13161,BAL,2021-03-30,45.71,45.35,45.71,45.35,892
13162,BAL,2021-03-31,45.77,44.49,45.77,44.48,34916
13163,BAL,2021-04-01,44.16,45.82,45.82,44.10,3248
13164,BAL,2021-04-05,43.91,44.77,44.95,43.91,1990
13165,BAL,2021-04-06,44.75,44.88,45.57,44.75,1726
13166,BAL,2021-04-07,45.17,44.71,45.19,44.70,8312
13167,BAL,2021-04-08,46.26,45.45,46.31,45.45,3688
13168,BAL,2021-04-09,46.59,46.48,46.97,46.43,2878
13169,BAL,2021-04-12,45.21,45.83,45.88,45.20,10258
13170,BAL,2021-04-13,46.17,45.83,46.31,45.71,2961
13171,BAL,2021-04-14,47.65,46.70,47.66,46.70,14831
13172,BAL,2021-04-15,47.98,47.55,48.05,47.44,2793
13173,BAL,2021-04-16,47.35,47.50,47.51,47.33,3185
13174,BAL,2021-04-19,47.16,48.06,48.06,47.03,12613
13175,BAL,2021-04-20,47.51,47.82,47.82,47.45,4443
13176,BAL,2021-04-21,48.02,47.68,48.15,47.68,2471
13177,BAL,2021-04-22,48.00,47.96,48.48,47.85,2614
13178,BAL,2021-04-23,49.65,48.64,49.65,48.59,5287
13179,BAL,2021-04-26,49.71,49.30,49.91,49.30,8026
13180,BAL,2021-04-27,50.92,50.20,51.12,49.61,30973
13181,BAL,2021-04-28,49.87,50.01,50.42,49.81,9170
13182,BAL,2021-04-29,48.21,49.76,49.76,47.95,8598
13183,BAL,2021-04-30,49.38,48.73,49.38,48.69,9242
13184,BAL,2021-05-03,49.15,49.71,49.71,48.81,5679
13185,BAL,2021-05-04,48.52,48.80,48.83,48.27,3347
13186,BAL,2021-05-05,48.73,48.76,48.87,48.58,1087
13187,BAL,2021-05-06,50.65,49.13,50.77,49.13,7075
13188,BAL,2021-05-07,49.89,50.48,50.48,49.44,6698
13189,BAL,2021-05-10,49.12,48.58,49.28,48.58,7183
13190,BAL,2021-05-11,49.03,48.84,49.14,48.76,3423
13191,BAL,2021-05-12,49.08,49.19,49.99,48.99,3010
13192,BAL,2021-05-13,47.46,48.12,48.52,47.28,17864
13193,BAL,2021-05-14,45.87,47.40,47.40,45.83,19089
13194,BAL,2021-05-17,45.88,45.94,46.10,45.87,2885
13195,BAL,2021-05-18,46.84,46.26,46.84,46.26,6623
13196,BAL,2021-05-19,46.20,46.37,46.37,45.89,2592
13197,BAL,2021-05-20,45.49,45.90,45.90,45.43,2986
13198,BAL,2021-05-21,46.20,46.19,46.21,45.78,3036
13199,BAL,2021-05-24,46.16,46.25,46.25,45.88,1348
13200,BAL,2021-05-25,46.08,45.92,46.49,45.92,12645
13201,BAL,2021-05-26,45.86,45.82,45.95,45.65,5294
13202,BAL,2021-05-27,45.98,45.80,45.98,45.72,768
13203,BAL,2021-05-28,45.80,46.00,46.00,45.70,6134
13204,BAL,2021-06-01,46.90,46.49,47.39,46.49,11952
13205,BAL,2021-06-02,46.60,46.68,46.82,46.50,3183
13206,BAL,2021-06-03,46.93,46.71,46.94,46.71,1800
13207,BAL,2021-06-04,47.96,47.60,48.01,47.44,4179
13208,BAL,2021-06-07,46.98,48.20,48.20,46.87,2573
13209,BAL,2021-06-08,47.51,47.39,47.69,47.39,2514
13210,BAL,2021-06-09,48.25,47.79,48.38,47.79,2256
13211,BAL,2021-06-10,48.68,48.06,48.74,48.06,1317
13212,BAL,2021-06-11,48.53,48.75,48.75,48.22,2234
13213,BAL,2021-06-14,47.46,46.46,47.67,46.46,3347
13214,BAL,2021-06-15,47.90,47.80,47.90,47.70,2025
13215,BAL,2021-06-16,47.37,47.95,48.01,47.37,2365
13216,BAL,2021-06-17,46.19,46.85,46.85,46.00,7050
13217,BAL,2021-06-18,46.89,46.66,47.28,46.66,2650
13218,BAL,2021-06-21,46.95,46.65,47.13,46.58,2562
13219,BAL,2021-06-22,47.36,47.09,47.44,47.03,1875
13220,BAL,2021-06-23,47.94,47.79,47.94,47.70,2822
13221,BAL,2021-06-24,47.81,47.72,47.84,47.72,1682
13222,BAL,2021-06-25,48.15,48.02,48.27,47.94,12177
13223,BAL,2021-06-28,48.22,48.42,48.60,48.20,3351
13224,BAL,2021-06-29,48.23,48.32,48.32,48.06,1934
13225,BAL,2021-06-30,46.94,47.31,47.79,46.79,2894
13226,BAL,2021-07-01,47.41,47.49,47.87,47.29,3930
13227,BAL,2021-07-02,48.07,47.66,48.07,47.66,1148
13228,BAL,2021-07-06,48.18,48.16,48.20,47.54,5493
13229,BAL,2021-07-07,48.56,48.02,48.57,47.94,4003
13230,BAL,2021-07-08,47.91,47.82,47.95,47.82,1994
13231,BAL,2021-07-09,48.29,48.22,48.42,48.22,2865
13232,BAL,2021-07-12,48.69,48.33,48.73,48.30,11358
13233,BAL,2021-07-13,48.78,48.63,48.78,48.42,3245
13234,BAL,2021-07-14,49.63,49.45,49.65,49.17,23576
13235,BAL,2021-07-15,49.21,49.40,49.47,49.11,3074
13236,BAL,2021-07-16,49.59,49.43,49.63,49.39,3044
13237,BAL,2021-07-19,47.86,48.44,48.44,47.81,8000
13238,BAL,2021-07-20,48.85,48.57,49.17,48.57,3399
13239,BAL,2021-07-21,48.84,48.67,48.86,48.51,5532
13240,BAL,2021-07-22,49.57,49.55,49.67,49.14,4934
13241,BAL,2021-07-23,49.49,49.68,49.68,49.16,1753
13242,BAL,2021-07-26,49.44,49.22,49.59,49.22,2822
13243,BAL,2021-07-27,49.90,49.80,49.90,49.61,6932
13244,BAL,2021-07-28,49.98,49.99,49.99,49.59,3064
13245,BAL,2021-07-29,49.79,50.14,50.14,49.70,2761
13246,BAL,2021-07-30,49.40,49.32,49.42,49.31,3444
13247,BAL,2021-08-02,49.40,49.27,49.63,49.27,6687
13248,BAL,2021-08-03,49.59,49.16,49.59,49.16,2648
13249,BAL,2021-08-04,49.74,49.76,49.76,49.62,525
13250,BAL,2021-08-05,49.96,49.64,49.98,49.64,5109
13251,BAL,2021-08-06,50.62,50.36,50.63,50.36,2032
13252,BAL,2021-08-09,50.15,50.08,50.16,49.85,3695
13253,BAL,2021-08-10,50.94,50.75,50.95,50.72,1589
13254,BAL,2021-08-11,50.25,50.30,50.39,50.25,1609
13255,BAL,2021-08-12,51.39,50.22,51.65,50.22,7571
13256,BAL,2021-08-13,52.15,51.26,52.18,51.26,6767
13257,BAL,2021-08-16,52.12,52.02,52.13,51.80,2182
13258,BAL,2021-08-17,52.33,52.32,53.22,52.13,3791
13259,BAL,2021-08-18,52.19,51.60,52.19,51.60,1745
13260,BAL,2021-08-19,51.06,51.31,51.35,51.01,4165
13261,BAL,2021-08-20,51.31,51.15,51.31,51.15,1532
13262,BAL,2021-08-23,51.50,51.48,51.50,51.39,4134
13263,BAL,2021-08-24,51.92,51.12,51.92,51.12,5291
13264,BAL,2021-08-25,52.13,51.90,52.14,51.80,2304
13265,BAL,2021-08-26,51.85,51.91,51.95,51.79,1039
13266,BAL,2021-08-27,52.32,51.95,52.33,51.88,2652
13267,BAL,2021-08-30,51.89,52.31,52.31,51.61,23862
13268,BAL,2021-08-31,51.10,51.64,51.64,50.96,7995
13269,BAL,2021-09-01,50.85,51.07,51.35,50.85,5691
13270,BAL,2021-09-02,51.42,51.60,51.60,51.38,3835
13271,BAL,2021-09-03,51.82,51.74,52.06,51.74,3632
13272,BAL,2021-09-07,51.85,51.82,51.85,51.82,1257
13273,BAL,2021-09-08,51.91,52.01,52.12,51.81,2230
13274,BAL,2021-09-09,51.26,51.86,51.86,51.24,1140
13275,BAL,2021-09-10,51.41,51.73,51.73,50.96,706
13276,BAL,2021-09-13,51.19,51.05,51.21,51.01,2455
13277,BAL,2021-09-14,51.62,51.30,51.62,51.30,572
13278,BAL,2021-09-15,51.46,51.45,51.56,51.45,4735
13279,BAL,2021-09-16,51.11,51.07,51.12,51.01,2415
13280,BAL,2021-09-17,50.94,50.83,50.94,50.80,1343
13281,BAL,2021-09-20,48.95,49.54,49.61,48.95,12805
13282,BAL,2021-09-21,49.70,49.24,49.76,49.24,1196
13283,BAL,2021-09-22,50.12,50.18,50.18,49.94,1297
13284,BAL,2021-09-23,50.94,50.37,50.94,50.37,1050
13285,BAL,2021-09-24,53.01,51.48,53.02,51.48,6280
13286,BAL,2021-09-27,54.18,54.75,55.04,53.66,33887
13287,BAL,2021-09-28,55.18,55.35,56.02,54.89,15535
13288,BAL,2021-09-29,56.30,56.98,57.31,55.95,19248
13289,BAL,2021-09-30,58.35,56.67,58.42,56.67,21758
13290,BAL,2021-10-01,57.60,59.27,59.27,57.50,11077
13291,BAL,2021-10-04,57.84,58.00,58.71,57.51,22359
13292,BAL,2021-10-05,61.29,59.22,61.29,59.22,34643
13293,BAL,2021-10-06,61.23,63.95,63.95,60.65,32553
13294,BAL,2021-10-07,61.40,60.85,61.72,59.75,18335
13295,BAL,2021-10-08,60.86,62.42,62.50,60.86,29970
13296,BAL,2021-10-11,60.52,60.51,60.56,59.93,13001
13297,BAL,2021-10-12,58.55,61.26,61.26,58.33,24383
13298,BAL,2021-10-13,57.23,58.18,58.25,57.09,21423
13299,BAL,2021-10-14,59.17,58.22,59.52,58.15,10093
13300,BAL,2021-10-15,58.93,60.40,60.97,58.68,12161
13301,BAL,2021-10-18,59.13,59.46,59.46,58.34,5938
13302,BAL,2021-10-19,59.36,58.27,59.51,58.08,4812
13303,BAL,2021-10-20,60.73,59.21,60.97,59.21,4777
13304,BAL,2021-10-21,58.64,60.00,60.05,58.40,6911
13305,BAL,2021-10-22,59.64,59.46,59.85,59.12,58870
13306,BAL,2021-10-25,59.56,59.63,59.98,59.49,4794
13307,BAL,2021-10-26,59.93,60.33,60.33,59.80,4249
13308,BAL,2021-10-27,60.90,59.65,60.90,59.65,1734
13309,BAL,2021-10-28,62.68,62.14,62.69,61.58,10505
13310,BAL,2021-10-29,63.53,62.56,63.53,62.23,5974
13311,BAL,2021-11-01,66.32,64.52,66.34,64.51,10601
13312,BAL,2021-11-02,64.71,65.88,65.88,64.71,10208
13313,BAL,2021-11-03,65.48,64.44,65.48,63.64,6623
13314,BAL,2021-11-04,64.21,64.78,64.78,64.07,31755
13315,BAL,2021-11-05,64.45,64.40,64.60,64.00,1913
13316,BAL,2021-11-08,64.27,64.60,65.16,64.21,30994
13317,BAL,2021-11-09,65.42,64.35,65.77,64.35,2486
13318,BAL,2021-11-10,65.37,66.03,66.30,65.32,23845
13319,BAL,2021-11-11,65.51,65.13,65.51,65.13,2766
13320,BAL,2021-11-12,65.30,65.25,65.90,64.95,22525
13321,BAL,2021-11-15,65.18,64.74,65.30,64.74,2518
13322,BAL,2021-11-16,65.30,65.19,65.34,64.89,4888
13323,BAL,2021-11-17,66.68,65.60,67.29,65.60,8728
13324,BAL,2021-11-18,65.33,66.26,66.26,64.93,11323
13325,BAL,2021-11-19,66.08,65.36,66.34,65.36,3890
13326,BAL,2021-11-22,65.47,66.00,66.00,65.19,4762
13327,BAL,2021-11-23,65.69,65.20,65.69,65.09,2281
13328,BAL,2021-11-24,65.97,65.70,66.00,65.64,5474
13329,BAL,2021-11-26,63.35,63.80,63.86,62.77,10129
13330,BAL,2021-11-29,63.28,63.45,63.45,63.17,4944
13331,BAL,2021-11-30,60.03,60.75,60.75,60.00,18382
13332,BAL,2021-12-01,58.99,59.94,60.31,58.86,8617
13333,BAL,2021-12-02,58.76,58.13,59.50,58.13,4521
13334,BAL,2021-12-03,59.30,59.67,60.01,58.79,6502
13335,BAL,2021-12-06,60.84,59.82,60.92,59.82,7563
13336,BAL,2021-12-07,60.39,60.22,60.77,60.22,2863
13337,BAL,2021-12-08,60.57,60.00,60.70,60.00,3030
13338,BAL,2021-12-09,60.37,60.16,60.54,60.16,9018
13339,BAL,2021-12-10,60.31,60.37,60.47,60.16,1114
13340,BAL,2021-12-13,60.55,60.48,60.85,60.48,3964
13341,BAL,2021-12-14,60.14,60.69,60.69,60.14,683
13342,BAL,2021-12-15,60.08,59.92,60.08,59.92,1102
13343,BAL,2021-12-16,62.28,60.22,62.31,60.22,2222
13344,BAL,2021-12-17,60.85,61.00,61.00,60.83,935
13345,BAL,2021-12-20,59.76,59.46,59.99,59.46,11249
13346,BAL,2021-12-21,60.97,60.52,61.25,60.25,13844
13347,BAL,2021-12-22,61.72,61.14,62.00,61.14,836
13348,BAL,2021-12-23,61.94,61.77,62.10,61.77,22252
13349,BAL,2021-12-27,63.93,62.42,63.93,62.42,5002
13350,BAL,2021-12-28,62.55,63.16,63.44,62.54,3939
13351,BAL,2021-12-29,64.13,63.36,64.58,63.30,2104
13352,BAL,2021-12-30,64.89,64.12,64.93,63.98,1968
13353,BAL,2021-12-31,63.97,64.60,64.60,63.97,1290
13354,BAL,2022-01-03,64.43,64.01,64.45,64.01,2511
13355,BAL,2022-01-04,66.00,66.52,66.52,66.00,4095
13356,BAL,2022-01-05,65.96,65.81,66.22,65.77,20757
13357,BAL,2022-01-06,65.50,65.50,65.54,65.01,3877
13358,BAL,2022-01-07,65.43,65.50,65.50,65.28,693
13359,BAL,2022-01-10,65.48,65.80,65.80,65.26,1089
13360,BAL,2022-01-11,65.85,65.65,65.85,65.65,297
13361,BAL,2022-01-12,66.74,66.82,67.14,66.36,5619
13362,BAL,2022-01-13,66.36,67.29,67.29,66.26,2530
13363,BAL,2022-01-14,68.01,67.15,68.15,67.15,4159
13364,BAL,2022-01-18,68.82,68.10,68.98,67.83,6486
13365,BAL,2022-01-19,70.47,69.99,70.55,69.99,9656
13366,BAL,2022-01-20,69.60,70.43,70.43,69.32,9285
13367,BAL,2022-01-21,68.61,69.25,69.25,68.48,5612
13368,BAL,2022-01-24,68.50,69.23,69.23,68.09,5557
13369,BAL,2022-01-25,68.71,68.60,68.87,68.08,4029
13370,BAL,2022-01-26,69.15,68.99,69.57,68.99,4254
13371,BAL,2022-01-27,68.95,69.00,69.06,68.60,4342
13372,BAL,2022-01-28,70.44,68.89,71.19,68.89,7127
13373,BAL,2022-01-31,72.49,71.96,72.54,71.31,5700
13374,BAL,2022-02-01,72.40,73.09,73.09,70.89,16665
13375,BAL,2022-02-02,71.45,71.90,72.05,71.29,3894
13376,BAL,2022-02-03,72.34,71.45,72.50,71.23,4015
13377,BAL,2022-02-04,71.76,71.93,71.95,71.50,3190
13378,BAL,2022-02-07,71.30,71.78,71.78,71.21,1565
13379,BAL,2022-02-08,72.05,70.78,72.23,70.77,3839
13380,BAL,2022-02-09,71.88,71.73,71.98,71.72,5131
13381,BAL,2022-02-10,71.37,71.77,72.08,71.25,5133
13382,BAL,2022-02-11,71.18,71.59,71.59,71.16,2354
13383,BAL,2022-02-14,69.95,70.47,70.47,69.12,8027
13384,BAL,2022-02-15,69.86,69.96,70.20,69.77,4379
13385,BAL,2022-02-16,69.29,69.73,69.79,69.08,3202
13386,BAL,2022-02-17,69.23,69.28,69.28,68.99,2324
13387,BAL,2022-02-18,70.04,70.13,70.37,69.97,7456
13388,BAL,2022-02-22,69.96,69.89,69.96,69.64,4710
13389,BAL,2022-02-23,70.20,70.11,70.20,69.65,4811
13390,BAL,2022-02-24,69.42,69.50,69.50,68.81,2618
13391,BAL,2022-02-25,68.73,68.06,69.05,67.61,9320
13392,BAL,2022-02-28,69.12,68.18,69.49,67.74,133623
13393,BAL,2022-03-01,71.19,70.15,71.42,70.01,9861
13394,BAL,2022-03-02,68.39,70.73,70.73,68.29,7031
13395,BAL,2022-03-03,69.20,69.27,69.53,69.07,22570
13396,BAL,2022-03-04,67.27,69.61,69.64,67.19,11825
13397,BAL,2022-03-07,67.78,66.94,67.97,66.94,7205
13398,BAL,2022-03-08,68.29,68.28,68.34,67.56,28062
13399,BAL,2022-03-09,68.11,68.13,68.23,67.97,3404
13400,BAL,2022-03-10,67.84,68.10,68.10,67.84,992
13401,BAL,2022-03-11,70.29,68.68,70.52,68.38,10139
13402,BAL,2022-03-14,68.80,68.77,68.92,68.35,3352
13403,BAL,2022-03-15,68.78,67.89,68.78,67.89,2656
13404,BAL,2022-03-16,69.60,69.25,69.60,69.18,2592
13405,BAL,2022-03-17,70.92,70.18,70.95,70.18,5386
13406,BAL,2022-03-18,73.72,72.00,73.77,72.00,14453
13407,BAL,2022-03-21,75.57,76.24,76.25,75.04,10786
13408,BAL,2022-03-22,75.47,75.17,75.65,74.71,3305
13409,BAL,2022-03-23,75.30,75.75,76.09,75.30,5062
13410,BAL,2022-03-24,76.07,76.20,76.20,75.63,6654
13411,BAL,2022-03-25,79.13,76.86,79.25,76.86,22663
13412,BAL,2022-03-28,81.38,79.67,81.42,77.85,10860
13413,BAL,2022-03-29,79.54,81.15,81.15,79.44,6222
13414,BAL,2022-03-30,81.02,80.18,81.05,80.09,2718
13415,BAL,2022-03-31,78.26,81.14,81.19,78.14,6884
13416,BAL,2022-04-01,77.91,79.18,79.41,77.91,13653
13417,BAL,2022-04-04,79.87,78.95,79.87,78.95,1669
13418,BAL,2022-04-05,79.73,80.07,80.07,79.72,1456
13419,BAL,2022-04-06,78.66,78.58,78.66,78.58,748
13420,BAL,2022-04-07,77.35,78.52,78.80,77.20,4854
13421,BAL,2022-04-08,76.82,77.13,77.27,76.64,3119
13422,BAL,2022-04-11,78.37,76.70,78.37,76.70,1394
13423,BAL,2022-04-12,80.55,79.99,80.84,79.99,7873
13424,BAL,2022-04-13,83.10,80.24,83.21,80.12,12822
13425,BAL,2022-04-14,82.47,83.32,83.32,81.54,9619
13426,BAL,2022-04-18,83.91,83.92,84.04,83.22,8745
13427,BAL,2022-04-19,81.11,81.10,81.54,80.56,8565
13428,BAL,2022-04-20,81.25,82.20,82.20,81.03,6051
13429,BAL,2022-04-21,80.69,80.15,80.94,80.15,2226
13430,BAL,2022-04-22,79.79,80.41,80.58,79.50,1479
13431,BAL,2022-04-25,79.36,77.71,79.38,77.71,3645
13432,BAL,2022-04-26,79.71,79.15,79.71,79.10,2010
13433,BAL,2022-04-27,83.51,82.20,83.57,82.20,13651
13434,BAL,2022-04-28,87.31,84.91,87.31,83.00,6769
13435,BAL,2022-04-29,85.78,87.43,87.66,85.26,6389
13436,BAL,2022-05-02,88.82,87.02,89.02,87.02,10622
13437,BAL,2022-05-03,87.62,88.03,89.15,84.26,9724
13438,BAL,2022-05-04,91.45,89.68,91.68,89.26,3264
13439,BAL,2022-05-05,88.14,89.84,91.85,86.89,7989
13440,BAL,2022-05-06,85.88,86.60,91.15,83.68,13776
13441,BAL,2022-05-09,85.11,86.00,90.28,82.99,4339
13442,BAL,2022-05-10,83.11,85.01,85.01,83.03,1109
13443,BAL,2022-05-11,84.13,84.00,89.33,83.21,5591
13444,BAL,2022-05-12,87.75,84.56,87.75,84.56,1472
13445,BAL,2022-05-13,89.05,85.76,89.05,84.04,6722
13446,BAL,2022-05-16,91.38,90.83,93.03,86.49,48082
