ID,commodity,Date,Close,Open,High,Low,Volume
8346,TAGS,2012-03-28,49.64,49.64,49.64,49.64,300
8347,TAGS,2012-03-29,49.00,49.00,49.00,49.00,100
8348,TAGS,2012-03-30,50.66,51.05,51.05,49.93,6350
8349,TAGS,2012-04-02,51.00,50.99,51.00,50.99,200
8350,TAGS,2012-04-03,50.66,50.66,50.66,50.66,100
8351,TAGS,2012-04-04,50.28,50.28,50.28,50.28,100
8352,TAGS,2012-04-05,50.50,50.64,50.64,50.50,200
8353,TAGS,2012-04-13,49.10,49.10,49.10,49.10,200
8354,TAGS,2012-04-16,48.42,48.41,48.42,48.41,270
8355,TAGS,2012-04-17,48.67,48.67,48.67,48.67,100
8356,TAGS,2012-04-20,48.00,48.00,48.00,48.00,100
8357,TAGS,2012-04-26,48.22,48.22,48.22,48.22,200
8358,TAGS,2012-04-27,48.59,48.59,48.59,48.59,200
8359,TAGS,2012-04-30,48.80,48.80,48.80,48.80,100
8360,TAGS,2012-05-01,48.40,48.40,48.40,48.40,200
8361,TAGS,2012-05-02,47.60,48.17,48.17,47.50,2000
8362,TAGS,2012-05-04,47.31,47.26,47.31,46.98,2700
8363,TAGS,2012-05-08,47.41,47.41,47.41,47.41,400
8364,TAGS,2012-05-10,46.31,46.33,46.33,46.31,680
8365,TAGS,2012-05-11,45.71,45.72,45.77,45.71,800
8366,TAGS,2012-05-16,46.33,46.33,46.33,46.33,136
8367,TAGS,2012-05-17,46.81,46.81,46.81,46.81,100
8368,TAGS,2012-05-18,47.50,47.50,47.50,47.50,100
8369,TAGS,2012-05-21,47.50,47.50,47.50,47.50,125
8370,TAGS,2012-05-22,46.73,46.73,46.73,46.73,100
8371,TAGS,2012-06-08,46.11,47.83,47.83,46.11,300
8372,TAGS,2012-06-11,46.38,46.38,46.38,46.38,100
8373,TAGS,2012-06-12,45.41,45.41,45.41,45.41,100
8374,TAGS,2012-06-13,45.25,45.11,45.63,45.11,53177
8375,TAGS,2012-06-19,46.90,46.90,46.90,46.90,100
8376,TAGS,2012-06-20,48.08,48.08,48.08,48.08,200
8377,TAGS,2012-06-21,48.61,48.61,48.61,48.61,200
8378,TAGS,2012-06-27,51.00,51.94,51.94,51.00,200
8379,TAGS,2012-06-28,48.01,51.47,53.00,48.01,1194
8380,TAGS,2012-07-02,51.00,54.12,54.12,51.00,400
8381,TAGS,2012-07-10,57.57,57.15,57.77,56.44,846
8382,TAGS,2012-07-11,59.20,59.29,59.33,58.00,1020
8383,TAGS,2012-07-13,59.00,67.53,67.53,58.99,1000
8384,TAGS,2012-07-17,61.14,61.09,61.14,61.09,600
8385,TAGS,2012-07-18,66.98,61.15,67.67,60.24,940
8386,TAGS,2012-07-19,59.70,67.98,73.18,55.84,2810
8387,TAGS,2012-07-20,59.17,59.17,59.17,59.17,100
8388,TAGS,2012-07-23,58.40,59.13,62.70,58.40,2100
8389,TAGS,2012-07-24,55.14,55.09,55.14,55.00,700
8390,TAGS,2012-07-25,55.39,58.00,58.00,55.39,1454
8391,TAGS,2012-07-26,54.03,55.49,57.12,54.03,4006
8392,TAGS,2012-07-27,55.01,55.01,55.01,55.01,500
8393,TAGS,2012-07-30,55.80,56.00,56.00,55.80,525
8394,TAGS,2012-07-31,55.54,55.54,55.54,55.54,100
8395,TAGS,2012-08-01,55.80,55.80,55.80,55.80,175
8396,TAGS,2012-08-02,54.60,55.00,55.00,54.60,323
8397,TAGS,2012-08-03,55.00,55.37,55.37,54.57,700
8398,TAGS,2012-08-06,54.87,55.00,55.00,54.52,816
8399,TAGS,2012-08-08,54.43,54.30,54.43,54.18,1000
8400,TAGS,2012-08-09,54.92,54.79,54.92,54.79,400
8401,TAGS,2012-08-10,55.12,55.12,55.12,55.12,100
8402,TAGS,2012-08-14,53.82,53.48,53.82,53.48,400
8403,TAGS,2012-08-15,54.88,53.83,54.88,53.83,500
8404,TAGS,2012-08-16,53.78,54.31,54.31,53.78,475
8405,TAGS,2012-08-17,54.40,54.40,54.40,54.40,100
8406,TAGS,2012-08-20,54.80,54.81,54.82,54.80,900
8407,TAGS,2012-08-21,55.07,55.13,55.38,55.07,2475
8408,TAGS,2012-08-22,55.08,55.08,55.08,55.08,100
8409,TAGS,2012-08-28,54.37,54.29,54.37,54.29,670
8410,TAGS,2012-08-29,54.92,54.92,54.92,54.92,500
8411,TAGS,2012-08-31,54.90,54.80,54.90,54.80,350
8412,TAGS,2012-09-05,54.32,54.55,54.55,54.32,300
8413,TAGS,2012-09-07,54.91,54.93,54.93,54.91,550
8414,TAGS,2012-09-10,54.62,54.69,54.69,54.62,2300
8415,TAGS,2012-09-18,52.52,53.30,53.50,52.52,1200
8416,TAGS,2012-09-20,53.15,53.19,53.22,53.15,1400
8417,TAGS,2012-09-24,53.02,53.35,53.35,53.02,1400
8418,TAGS,2012-09-25,53.59,53.77,53.77,53.39,1200
8419,TAGS,2012-09-26,52.80,53.20,53.20,52.80,275
8420,TAGS,2012-09-27,51.65,51.99,52.05,51.65,1200
8421,TAGS,2012-09-28,52.36,52.36,52.36,52.36,500
8422,TAGS,2012-10-01,53.20,53.20,53.20,53.20,100
8423,TAGS,2012-10-02,52.94,52.94,52.94,52.94,100
8424,TAGS,2012-10-05,52.90,52.90,52.97,52.90,2100
8425,TAGS,2012-10-08,52.47,52.64,52.71,52.18,1846
8426,TAGS,2012-10-11,52.99,52.88,53.25,52.88,5740
8427,TAGS,2012-10-12,51.83,51.83,51.83,51.83,100
8428,TAGS,2012-10-23,51.80,51.80,51.80,51.80,100
8429,TAGS,2012-11-14,50.18,50.18,50.18,50.18,1800
8430,TAGS,2012-11-15,49.90,49.90,49.90,49.90,100
8431,TAGS,2012-11-20,50.35,50.14,50.35,50.14,200
8432,TAGS,2012-11-30,50.76,50.76,50.76,50.76,600
8433,TAGS,2012-12-03,51.33,51.41,51.46,51.33,375
8434,TAGS,2012-12-05,51.00,50.98,51.07,50.98,800
8435,TAGS,2012-12-10,50.18,50.18,50.18,50.18,100
8436,TAGS,2012-12-14,50.17,50.05,50.17,50.01,800
8437,TAGS,2012-12-20,48.70,48.70,48.79,48.70,400
8438,TAGS,2012-12-27,48.59,48.59,48.59,48.59,4500
8439,TAGS,2013-01-02,48.44,48.02,48.45,48.02,1950
8440,TAGS,2013-01-08,47.55,47.54,47.69,47.50,1700
8441,TAGS,2013-01-09,47.44,47.76,47.76,47.44,410
8442,TAGS,2013-01-15,48.59,48.40,48.64,48.40,1200
8443,TAGS,2013-01-17,48.45,48.45,48.45,48.45,100
8444,TAGS,2013-01-22,48.40,48.70,48.70,48.40,1105
8445,TAGS,2013-01-23,48.30,48.24,48.30,48.24,1000
8446,TAGS,2013-01-24,47.65,47.68,47.68,47.65,300
8447,TAGS,2013-01-25,47.98,47.98,47.98,47.98,900
8448,TAGS,2013-01-30,48.85,48.75,48.85,48.75,900
8449,TAGS,2013-02-04,48.45,48.71,48.95,48.42,1495
8450,TAGS,2013-02-11,46.45,46.45,46.45,46.45,100
8451,TAGS,2013-02-13,46.31,46.31,46.31,46.31,100
8452,TAGS,2013-02-25,45.59,45.59,45.59,45.59,100
8453,TAGS,2013-02-26,45.53,45.42,45.53,45.42,555
8454,TAGS,2013-03-08,45.68,45.68,45.68,45.68,105
8455,TAGS,2013-03-13,46.00,46.00,46.00,46.00,100
8456,TAGS,2013-03-19,45.74,45.74,45.74,45.74,900
8457,TAGS,2013-03-27,45.93,45.93,45.93,45.93,900
8458,TAGS,2013-03-28,44.50,45.73,45.73,44.50,500
8459,TAGS,2013-04-01,44.35,46.00,46.00,44.35,600
8460,TAGS,2013-04-03,43.48,43.23,43.57,43.23,400
8461,TAGS,2013-04-04,43.75,44.00,44.00,43.75,200
8462,TAGS,2013-04-10,44.02,43.92,44.02,43.92,600
8463,TAGS,2013-04-23,42.70,43.05,43.05,42.44,1200
8464,TAGS,2013-04-24,42.25,42.38,43.12,42.23,4298
8465,TAGS,2013-04-29,42.90,43.82,43.82,42.90,3800
8466,TAGS,2013-04-30,43.89,43.58,43.90,43.58,901
8467,TAGS,2013-05-02,43.51,43.51,43.51,43.51,100
8468,TAGS,2013-05-06,43.68,42.88,43.68,42.88,798
8469,TAGS,2013-05-07,43.37,43.32,43.60,43.32,1399
8470,TAGS,2013-05-08,43.60,43.60,43.60,43.60,402
8471,TAGS,2013-05-09,43.08,43.75,43.75,43.08,300
8472,TAGS,2013-05-14,42.90,43.90,43.90,42.90,1400
8473,TAGS,2013-05-17,42.30,43.40,43.40,42.30,1000
8474,TAGS,2013-05-20,43.25,43.25,43.25,43.25,100
8475,TAGS,2013-05-22,42.00,42.00,42.00,42.00,100
8476,TAGS,2013-05-29,42.40,43.70,43.70,42.40,600
8477,TAGS,2013-05-30,42.11,44.21,44.21,42.11,1900
8478,TAGS,2013-05-31,42.11,44.41,44.41,42.11,1800
8479,TAGS,2013-06-03,42.20,44.55,44.55,42.20,400
8480,TAGS,2013-06-04,44.30,44.30,44.30,44.30,100
8481,TAGS,2013-06-05,43.97,43.96,43.97,42.10,1000
8482,TAGS,2013-06-06,43.97,43.97,43.97,43.97,100
8483,TAGS,2013-06-07,43.65,44.85,44.85,43.65,1900
8484,TAGS,2013-06-10,42.40,43.40,43.40,42.40,400
8485,TAGS,2013-06-11,43.60,43.70,43.70,42.66,2400
8486,TAGS,2013-06-12,43.58,43.50,43.58,42.15,2394
8487,TAGS,2013-06-13,42.64,43.60,43.60,42.10,2800
8488,TAGS,2013-06-14,43.29,43.30,43.61,42.40,3200
8489,TAGS,2013-06-17,42.15,43.70,43.70,42.15,400
8490,TAGS,2013-06-18,42.20,44.10,44.10,42.20,400
8491,TAGS,2013-06-19,42.84,43.42,44.95,42.84,800
8492,TAGS,2013-06-21,44.30,44.30,44.30,44.30,182
8493,TAGS,2013-06-24,42.26,43.76,43.76,42.26,2000
8494,TAGS,2013-06-25,41.88,43.96,43.96,41.88,800
8495,TAGS,2013-06-26,42.80,43.50,43.83,42.70,2100
8496,TAGS,2013-06-27,41.35,42.38,42.38,41.35,504
8497,TAGS,2013-07-01,41.00,41.00,41.00,41.00,122
8498,TAGS,2013-07-02,41.00,42.00,42.00,40.20,700
8499,TAGS,2013-07-03,40.98,40.88,40.98,40.76,300
8500,TAGS,2013-07-05,40.20,41.40,41.40,40.20,400
8501,TAGS,2013-07-11,40.54,42.90,42.90,40.54,600
8502,TAGS,2013-07-12,40.20,40.20,40.20,40.20,100
8503,TAGS,2013-07-15,39.30,39.30,39.30,39.30,100
8504,TAGS,2013-07-16,40.19,40.19,40.19,40.19,250
8505,TAGS,2013-07-19,40.75,40.75,40.75,40.75,300
8506,TAGS,2013-07-22,39.64,39.64,39.64,39.64,250
8507,TAGS,2013-08-01,40.00,40.00,40.00,40.00,100
8508,TAGS,2013-08-02,38.07,38.07,38.07,38.07,200
8509,TAGS,2013-08-06,38.36,38.36,38.36,38.36,250
8510,TAGS,2013-08-07,37.77,37.77,37.77,37.77,250
8511,TAGS,2013-08-22,38.10,37.73,38.73,37.34,3900
8512,TAGS,2013-08-26,39.26,39.26,39.26,39.26,200
8513,TAGS,2013-08-30,39.00,39.00,39.00,39.00,200
8514,TAGS,2013-09-05,38.70,39.00,39.30,38.28,1200
8515,TAGS,2013-09-06,39.00,39.00,39.00,39.00,100
8516,TAGS,2013-09-10,40.90,40.90,40.90,40.90,100
8517,TAGS,2013-09-11,39.59,40.80,40.80,39.59,1400
8518,TAGS,2013-09-12,40.66,39.62,40.66,39.62,200
8519,TAGS,2013-09-13,40.42,40.42,40.42,40.42,200
8520,TAGS,2013-09-16,40.20,40.20,40.20,40.20,100
8521,TAGS,2013-09-19,40.50,39.45,40.50,39.45,200
8522,TAGS,2013-09-26,38.77,38.77,38.77,38.77,100
8523,TAGS,2013-09-27,39.61,39.61,39.61,39.61,200
8524,TAGS,2013-10-04,39.60,39.60,39.60,39.60,500
8525,TAGS,2013-10-10,38.50,38.20,39.40,38.11,5500
8526,TAGS,2013-10-11,38.40,38.50,39.50,38.32,8000
8527,TAGS,2013-10-14,38.80,38.40,40.00,38.40,17522
8528,TAGS,2013-10-15,37.71,38.90,39.00,37.71,2700
8529,TAGS,2013-10-16,38.45,38.50,39.20,38.21,9300
8530,TAGS,2013-10-17,38.27,38.60,38.96,37.96,6290
8531,TAGS,2013-10-18,38.26,38.50,38.50,38.13,2200
8532,TAGS,2013-10-21,38.10,38.20,38.50,38.10,1800
8533,TAGS,2013-10-22,38.06,38.25,38.25,38.06,400
8534,TAGS,2013-10-24,37.88,37.88,37.88,37.88,200
8535,TAGS,2013-11-05,36.81,37.57,37.57,36.81,600
8536,TAGS,2013-11-11,36.81,37.01,37.01,36.81,1200
8537,TAGS,2013-11-12,36.40,37.00,37.00,36.25,300
8538,TAGS,2013-11-14,35.11,37.00,37.00,35.11,1300
8539,TAGS,2013-11-19,34.53,34.53,34.53,34.53,100
8540,TAGS,2013-11-20,34.55,34.55,34.55,34.55,122
8541,TAGS,2013-11-21,37.20,34.80,37.20,34.51,1466
8542,TAGS,2013-11-22,34.50,34.60,34.60,34.40,1000
8543,TAGS,2013-11-26,34.15,34.01,34.25,33.60,1900
8544,TAGS,2013-11-27,33.20,33.76,33.76,33.20,1000
8545,TAGS,2013-12-05,35.27,35.14,35.32,35.14,900
8546,TAGS,2013-12-06,35.06,35.06,35.06,35.06,134
8547,TAGS,2013-12-10,36.25,36.25,36.25,36.25,100
8548,TAGS,2013-12-11,37.55,36.60,37.55,36.60,1300
8549,TAGS,2013-12-12,37.33,37.76,37.76,37.33,300
8550,TAGS,2013-12-19,37.29,37.29,37.29,37.29,1000
8551,TAGS,2013-12-20,37.12,37.56,37.60,37.12,2899
8552,TAGS,2013-12-23,36.12,37.25,37.50,35.80,15378
8553,TAGS,2013-12-24,35.70,35.70,35.70,35.70,210
8554,TAGS,2013-12-31,34.00,34.00,34.00,34.00,100
8555,TAGS,2014-01-02,34.50,34.20,34.50,34.20,324
8556,TAGS,2014-01-08,34.50,37.40,37.40,34.50,1114
8557,TAGS,2014-01-15,34.75,34.70,35.15,34.40,1300
8558,TAGS,2014-01-16,34.70,34.70,35.10,34.70,2200
8559,TAGS,2014-01-23,35.29,35.20,35.29,34.80,901
8560,TAGS,2014-01-24,35.00,35.00,35.00,35.00,201
8561,TAGS,2014-01-27,34.50,34.50,34.50,34.50,301
8562,TAGS,2014-01-28,34.96,34.95,34.96,34.95,1135
8563,TAGS,2014-02-05,34.78,34.87,34.87,34.65,1320
8564,TAGS,2014-02-06,34.65,34.69,34.69,34.59,400
8565,TAGS,2014-02-07,34.68,34.74,34.74,34.60,1268
8566,TAGS,2014-02-12,34.75,35.45,35.45,34.75,600
8567,TAGS,2014-02-13,34.44,34.50,34.50,34.40,600
8568,TAGS,2014-02-14,34.61,34.90,34.90,34.44,6744
8569,TAGS,2014-02-18,34.81,34.81,34.81,34.81,218
8570,TAGS,2014-02-20,36.25,36.19,36.25,36.19,1100
8571,TAGS,2014-02-25,36.80,36.25,36.80,36.25,1100
8572,TAGS,2014-02-27,38.98,38.98,38.98,38.98,100
8573,TAGS,2014-02-28,37.91,36.80,38.45,36.79,6216
8574,TAGS,2014-03-03,39.20,39.41,39.41,39.20,13702
8575,TAGS,2014-03-04,38.98,38.30,38.98,38.30,670
8576,TAGS,2014-03-06,39.00,39.00,39.00,39.00,265
8577,TAGS,2014-03-07,39.00,39.00,39.00,39.00,486
8578,TAGS,2014-03-17,38.10,36.48,38.16,36.48,13050
8579,TAGS,2014-03-18,36.61,36.61,36.61,34.50,899
8580,TAGS,2014-03-19,37.30,37.02,38.70,37.02,3100
8581,TAGS,2014-03-20,40.05,38.22,40.99,38.15,1335
8582,TAGS,2014-03-21,38.76,37.90,38.76,37.90,740
8583,TAGS,2014-03-24,38.00,37.97,38.00,37.97,200
8584,TAGS,2014-03-26,38.74,37.55,39.21,37.25,10821
8585,TAGS,2014-03-27,37.70,38.94,38.94,37.70,525
8586,TAGS,2014-03-28,39.75,38.28,40.98,38.28,5598
8587,TAGS,2014-03-31,37.82,38.95,39.80,37.67,24743
8588,TAGS,2014-04-01,37.69,38.00,38.00,37.60,3726
8589,TAGS,2014-04-02,37.83,37.71,37.83,37.70,2115
8590,TAGS,2014-04-03,37.70,37.70,37.70,37.70,253
8591,TAGS,2014-04-04,37.71,37.70,37.71,37.70,3000
8592,TAGS,2014-04-09,37.48,37.40,37.48,37.40,260
8593,TAGS,2014-04-10,37.15,37.15,37.15,37.15,110
8594,TAGS,2014-04-14,39.20,39.19,39.20,39.06,851
8595,TAGS,2014-04-15,40.17,40.17,40.17,40.17,512
8596,TAGS,2014-04-16,37.26,37.26,37.26,37.26,251
8597,TAGS,2014-04-23,37.42,37.42,37.42,37.42,1000
8598,TAGS,2014-04-24,40.85,40.99,40.99,40.78,527
8599,TAGS,2014-04-25,38.99,38.99,38.99,38.99,105
8600,TAGS,2014-04-28,38.25,38.25,38.25,38.25,167
8601,TAGS,2014-04-29,38.99,38.25,38.99,38.25,1068
8602,TAGS,2014-04-30,40.20,39.00,40.20,39.00,2900
8603,TAGS,2014-05-01,40.00,40.17,40.50,37.72,2075
8604,TAGS,2014-05-05,41.07,41.02,41.07,41.02,980
8605,TAGS,2014-05-06,38.80,40.60,40.60,38.80,1004
8606,TAGS,2014-05-07,40.28,40.28,40.28,40.27,381
8607,TAGS,2014-05-13,38.16,38.16,38.16,38.16,100
8608,TAGS,2014-05-23,38.25,38.80,38.80,37.56,669
8609,TAGS,2014-05-27,38.70,37.33,38.70,37.33,2192
8610,TAGS,2014-05-29,37.60,37.60,37.60,37.60,202
8611,TAGS,2014-05-30,39.85,39.85,39.85,39.85,331
8612,TAGS,2014-06-03,36.35,36.35,36.35,36.35,370
8613,TAGS,2014-06-25,36.35,36.65,36.65,36.35,264
8614,TAGS,2014-07-03,36.48,36.48,36.48,36.48,450
8615,TAGS,2014-07-17,35.00,34.05,35.00,34.05,681
8616,TAGS,2014-07-23,33.43,32.60,34.91,32.60,2900
8617,TAGS,2014-07-25,33.39,33.50,33.50,33.39,1300
8618,TAGS,2014-07-30,35.01,31.58,35.01,31.58,981
8619,TAGS,2014-08-05,34.90,34.90,34.90,34.90,200
8620,TAGS,2014-08-20,34.35,34.35,34.35,34.35,669
8621,TAGS,2014-08-25,34.41,34.40,34.41,34.40,2000
8622,TAGS,2014-09-02,34.81,34.81,34.81,34.81,500
8623,TAGS,2014-09-08,34.81,34.81,34.81,34.81,0
8624,TAGS,2014-09-09,32.54,32.56,32.56,32.54,1600
8625,TAGS,2014-09-11,31.61,31.61,31.61,31.61,340
8626,TAGS,2014-09-18,31.66,31.62,31.66,30.01,440
8627,TAGS,2014-09-25,30.02,30.20,30.77,30.02,1794
8628,TAGS,2014-09-26,30.28,30.28,30.28,30.00,798
8629,TAGS,2014-10-01,29.05,30.00,30.06,29.00,900
8630,TAGS,2014-10-21,32.46,32.46,32.46,32.46,100
8631,TAGS,2014-10-22,30.05,30.05,30.05,30.05,100
8632,TAGS,2014-10-24,31.20,31.99,32.00,31.20,4902
8633,TAGS,2014-10-28,30.00,30.35,30.35,28.80,1200
8634,TAGS,2014-10-29,32.00,32.00,32.00,32.00,100
8635,TAGS,2014-10-31,33.59,32.46,33.59,32.46,501
8636,TAGS,2014-11-05,32.50,32.50,32.50,32.50,150
8637,TAGS,2014-12-09,30.76,29.95,30.76,29.95,1040
8638,TAGS,2014-12-24,30.12,30.12,30.12,30.12,275
8639,TAGS,2014-12-29,30.52,30.52,30.52,30.52,5547
8640,TAGS,2014-12-31,33.05,33.05,33.05,33.05,190
8641,TAGS,2015-01-13,31.70,31.19,31.70,31.19,800
8642,TAGS,2015-01-16,31.70,31.70,31.70,31.70,200
8643,TAGS,2015-01-21,30.20,30.20,30.20,30.20,200
8644,TAGS,2015-01-26,30.00,30.00,30.00,30.00,250
8645,TAGS,2015-01-30,30.00,30.00,30.00,30.00,100
8646,TAGS,2015-02-06,29.95,29.75,30.65,29.75,1824
8647,TAGS,2015-02-09,31.00,31.00,31.00,31.00,124
8648,TAGS,2015-02-12,29.85,29.50,30.14,29.50,18012
8649,TAGS,2015-02-13,30.30,30.33,30.55,30.30,1807
8650,TAGS,2015-02-18,30.50,30.50,30.50,30.50,199
8651,TAGS,2015-02-26,30.30,30.00,30.40,29.58,5440
8652,TAGS,2015-02-27,30.20,29.80,30.38,29.65,5800
8653,TAGS,2015-03-02,30.35,29.55,30.35,29.40,4310
8654,TAGS,2015-03-04,29.50,29.00,29.60,29.00,6034
8655,TAGS,2015-03-05,29.08,29.52,30.40,29.08,4482
8656,TAGS,2015-03-06,28.80,28.80,29.75,28.80,1216
8657,TAGS,2015-03-09,29.05,29.00,29.05,29.00,206
8658,TAGS,2015-03-11,28.30,28.31,28.31,28.30,400
8659,TAGS,2015-03-16,29.30,28.30,30.08,28.30,1431
8660,TAGS,2015-03-18,28.53,28.53,28.53,28.53,250
8661,TAGS,2015-03-20,28.51,28.51,28.51,28.51,400
8662,TAGS,2015-03-23,29.00,29.00,29.00,29.00,100
8663,TAGS,2015-03-24,29.00,29.00,29.00,29.00,100
8664,TAGS,2015-03-27,28.67,28.67,28.67,28.67,163
8665,TAGS,2015-03-30,28.21,28.21,28.21,28.21,330
8666,TAGS,2015-04-06,29.89,30.40,30.40,28.80,603
8667,TAGS,2015-04-09,28.60,28.52,28.60,28.50,3101
8668,TAGS,2015-04-14,28.80,28.60,28.80,28.60,300
8669,TAGS,2015-04-16,28.90,28.90,28.90,28.90,100
8670,TAGS,2015-04-17,28.90,28.90,28.90,28.90,300
8671,TAGS,2015-04-20,28.64,28.58,28.64,28.49,1850
8672,TAGS,2015-04-22,28.70,28.88,28.88,28.70,300
8673,TAGS,2015-04-23,28.90,28.90,28.90,28.90,399
8674,TAGS,2015-04-24,29.00,29.30,29.30,29.00,899
8675,TAGS,2015-04-27,28.50,29.01,29.50,28.50,3823
8676,TAGS,2015-04-28,28.72,28.55,28.79,28.52,11679
8677,TAGS,2015-04-29,29.10,28.40,29.50,27.82,25266
8678,TAGS,2015-04-30,28.50,29.18,29.63,28.18,50371
8679,TAGS,2015-05-01,28.45,28.65,28.68,28.10,12200
8680,TAGS,2015-05-04,27.35,28.98,29.46,27.10,49293
8681,TAGS,2015-05-05,27.55,27.30,27.80,27.24,16949
8682,TAGS,2015-05-06,28.65,27.80,29.41,27.80,12706
8683,TAGS,2015-05-07,28.70,29.21,29.29,28.70,4788
8684,TAGS,2015-05-08,28.58,29.11,29.13,28.23,39626
8685,TAGS,2015-05-11,28.83,28.65,29.02,28.65,2000
8686,TAGS,2015-05-12,28.61,29.10,29.10,28.61,13104
8687,TAGS,2015-05-13,28.60,29.05,29.05,28.37,4992
8688,TAGS,2015-05-14,28.77,28.95,29.05,28.19,22630
8689,TAGS,2015-05-15,28.65,28.65,28.84,28.27,22396
8690,TAGS,2015-05-18,28.83,29.00,29.36,28.80,18119
8691,TAGS,2015-05-19,28.87,29.15,29.15,28.75,10441
8692,TAGS,2015-05-20,28.86,29.05,29.19,28.79,8700
8693,TAGS,2015-05-21,28.65,29.05,29.05,28.28,20900
8694,TAGS,2015-05-22,28.73,29.00,29.16,28.71,24373
8695,TAGS,2015-05-26,28.80,28.79,28.80,28.61,1000
8696,TAGS,2015-05-27,28.04,28.92,28.93,27.79,15830
8697,TAGS,2015-05-28,27.55,27.98,27.99,27.00,16768
8698,TAGS,2015-05-29,27.55,27.99,28.03,27.55,14904
8699,TAGS,2015-06-01,27.68,27.00,27.90,27.00,38000
8700,TAGS,2015-06-02,28.00,28.05,28.24,27.70,47183
8701,TAGS,2015-06-03,28.09,28.17,28.20,27.85,18400
8702,TAGS,2015-06-04,28.60,28.06,28.67,28.02,15023
8703,TAGS,2015-06-05,28.35,28.75,28.75,28.30,14000
8704,TAGS,2015-06-09,28.60,28.69,28.69,28.55,915
8705,TAGS,2015-06-10,28.46,28.38,28.46,28.38,4201
8706,TAGS,2015-06-11,28.20,28.55,28.56,28.15,12062
8707,TAGS,2015-06-12,28.10,28.10,28.21,28.07,3500
8708,TAGS,2015-06-15,27.49,28.11,28.30,27.28,19069
8709,TAGS,2015-06-16,27.60,27.63,27.80,27.46,22500
8710,TAGS,2015-06-17,27.80,28.02,28.03,27.77,21102
8711,TAGS,2015-06-18,27.92,27.90,28.41,27.84,16283
8712,TAGS,2015-06-19,28.08,28.30,28.58,27.89,22065
8713,TAGS,2015-06-22,28.38,28.23,28.42,28.15,11399
8714,TAGS,2015-06-23,28.52,28.40,28.90,28.25,33670
8715,TAGS,2015-06-24,28.46,28.50,28.74,28.46,1488
8716,TAGS,2015-06-25,28.75,28.50,28.82,28.50,18011
8717,TAGS,2015-06-26,28.80,29.36,29.51,28.74,34532
8718,TAGS,2015-06-29,29.13,29.10,29.35,28.65,15841
8719,TAGS,2015-06-30,30.88,29.55,30.88,29.43,46939
8720,TAGS,2015-07-01,30.31,30.64,30.70,30.08,19208
8721,TAGS,2015-07-02,30.69,30.43,30.90,30.43,12587
8722,TAGS,2015-07-06,30.58,30.80,30.86,30.40,10471
8723,TAGS,2015-07-07,30.07,31.07,31.07,29.64,37880
8724,TAGS,2015-07-08,30.57,30.34,30.59,30.21,13640
8725,TAGS,2015-07-09,30.44,30.73,30.73,29.94,30844
8726,TAGS,2015-07-10,30.91,30.70,30.91,30.69,19801
8727,TAGS,2015-07-13,30.68,31.18,31.19,30.13,33499
8728,TAGS,2015-07-14,30.47,30.80,30.80,30.19,27605
8729,TAGS,2015-07-15,30.40,30.34,30.70,30.30,9203
8730,TAGS,2015-07-16,30.54,30.66,30.88,30.48,16401
8731,TAGS,2015-07-17,29.78,30.34,30.34,29.70,13750
8732,TAGS,2015-07-20,29.10,30.01,30.09,28.80,20550
8733,TAGS,2015-07-21,29.00,29.50,29.50,28.74,13933
8734,TAGS,2015-07-22,29.14,29.17,29.20,28.59,7364
8735,TAGS,2015-07-23,28.45,28.88,28.89,28.29,4745
8736,TAGS,2015-07-27,27.42,28.50,28.60,27.35,9641
8737,TAGS,2015-07-28,27.45,27.45,27.48,27.45,1350
8738,TAGS,2015-07-29,27.10,27.45,27.45,26.89,3250
8739,TAGS,2015-07-30,27.30,27.71,27.71,27.14,3500
8740,TAGS,2015-07-31,26.99,27.30,27.30,26.99,450
8741,TAGS,2015-08-03,26.93,27.11,27.35,26.92,2600
8742,TAGS,2015-08-04,27.20,27.00,27.28,27.00,3900
8743,TAGS,2015-08-05,27.25,27.31,27.41,27.25,4174
8744,TAGS,2015-08-06,27.25,27.25,27.25,27.20,870
8745,TAGS,2015-08-10,27.46,27.15,27.51,27.15,8400
8746,TAGS,2015-08-11,27.50,27.65,27.66,27.04,7280
8747,TAGS,2015-08-12,26.10,26.38,26.84,26.10,5200
8748,TAGS,2015-08-13,26.41,26.62,26.74,25.80,13438
8749,TAGS,2015-08-14,26.60,26.63,26.88,26.60,10980
8750,TAGS,2015-08-17,26.18,26.65,26.67,26.18,5069
8751,TAGS,2015-08-18,26.50,26.42,26.50,26.30,800
8752,TAGS,2015-08-19,25.98,26.20,26.35,25.91,6638
8753,TAGS,2015-08-20,25.86,26.20,26.57,25.86,1427
8754,TAGS,2015-08-24,25.58,25.85,25.85,25.58,425
8755,TAGS,2015-08-25,25.97,25.90,26.17,25.90,4028
8756,TAGS,2015-08-26,26.00,26.00,26.00,26.00,400
8757,TAGS,2015-08-27,26.00,26.00,26.00,26.00,585
8758,TAGS,2015-08-31,25.80,25.78,25.90,25.74,1547
8759,TAGS,2015-09-01,25.69,25.70,25.70,25.69,494
8760,TAGS,2015-09-04,26.34,25.67,26.34,25.67,446
8761,TAGS,2015-09-08,25.59,25.50,26.00,25.50,1843
8762,TAGS,2015-09-09,25.60,25.91,26.00,25.60,1200
8763,TAGS,2015-09-10,25.90,25.60,25.90,25.59,1903
8764,TAGS,2015-09-11,25.90,25.55,26.00,25.16,13106
8765,TAGS,2015-09-14,26.02,26.02,26.02,26.02,100
8766,TAGS,2015-09-15,26.01,26.01,26.01,26.01,100
8767,TAGS,2015-09-16,26.19,25.96,26.19,25.96,3200
8768,TAGS,2015-09-17,25.90,26.44,26.52,25.48,8400
8769,TAGS,2015-09-18,25.59,25.55,25.75,25.29,1100
8770,TAGS,2015-09-21,25.79,25.89,25.89,25.79,1800
8771,TAGS,2015-09-24,25.79,25.79,25.79,25.79,150
8772,TAGS,2015-09-25,26.03,25.90,26.04,25.90,1100
8773,TAGS,2015-09-30,26.21,26.18,26.62,26.17,6800
8774,TAGS,2015-10-01,27.25,26.53,27.30,26.53,8737
8775,TAGS,2015-10-02,26.70,26.90,26.90,26.39,3003
8776,TAGS,2015-10-05,26.80,26.71,26.80,26.70,1000
8777,TAGS,2015-10-06,27.16,27.49,27.49,27.10,533
8778,TAGS,2015-10-07,27.09,27.10,27.10,27.09,300
8779,TAGS,2015-10-08,27.01,27.01,27.01,27.01,200
8780,TAGS,2015-10-09,27.35,27.24,27.45,27.24,3192
8781,TAGS,2015-10-13,27.32,27.45,27.45,27.32,200
8782,TAGS,2015-10-14,27.50,27.25,27.50,27.25,3300
8783,TAGS,2015-10-15,27.42,27.20,27.42,27.19,2626
8784,TAGS,2015-10-16,26.96,26.87,27.05,26.87,1000
8785,TAGS,2015-10-19,27.02,26.90,27.02,26.90,1000
8786,TAGS,2015-10-21,27.07,26.91,27.47,26.90,2545
8787,TAGS,2015-10-22,27.47,27.67,27.67,27.47,208
8788,TAGS,2015-10-23,27.26,28.84,28.84,27.26,319
8789,TAGS,2015-10-30,26.97,26.96,26.97,26.96,431
8790,TAGS,2015-11-06,26.85,26.79,26.85,26.79,1001
8791,TAGS,2015-11-12,26.55,26.55,26.55,26.55,110
8792,TAGS,2015-11-20,26.07,26.01,26.07,26.01,430
8793,TAGS,2015-12-02,26.30,26.11,26.34,26.11,1800
8794,TAGS,2015-12-04,26.70,26.60,26.70,26.60,200
8795,TAGS,2015-12-08,26.30,26.50,26.76,26.30,730
8796,TAGS,2015-12-14,26.97,26.96,26.97,26.96,200
8797,TAGS,2015-12-16,26.00,26.00,26.00,26.00,300
8798,TAGS,2015-12-28,26.00,26.00,26.00,26.00,353
8799,TAGS,2015-12-29,26.18,26.18,26.18,26.18,100
8800,TAGS,2015-12-31,26.47,26.47,26.47,26.47,100
8801,TAGS,2016-01-06,25.30,25.65,25.65,24.72,2530
8802,TAGS,2016-01-07,25.58,25.58,25.58,25.58,200
8803,TAGS,2016-01-13,26.24,26.24,26.24,26.24,785
8804,TAGS,2016-01-20,25.75,25.75,25.75,25.75,275
8805,TAGS,2016-01-22,25.75,25.74,25.75,25.74,200
8806,TAGS,2016-01-27,25.55,25.30,25.70,25.30,3400
8807,TAGS,2016-01-29,25.37,25.20,25.37,25.20,1530
8808,TAGS,2016-02-01,25.40,25.19,25.52,25.19,5800
8809,TAGS,2016-02-02,25.40,25.00,25.52,25.00,6400
8810,TAGS,2016-02-09,25.90,25.89,25.90,25.89,270
8811,TAGS,2016-02-12,24.52,24.52,24.52,24.52,123
8812,TAGS,2016-02-22,25.00,24.83,25.00,24.83,808
8813,TAGS,2016-03-24,27.08,26.54,27.08,26.54,615
8814,TAGS,2016-03-31,26.50,26.50,26.50,26.50,174
8815,TAGS,2016-04-11,26.98,26.98,26.98,26.98,572
8816,TAGS,2016-04-12,25.35,25.23,25.35,25.23,500
8817,TAGS,2016-04-20,27.45,27.00,27.62,27.00,3710
8818,TAGS,2016-04-21,27.50,27.50,27.50,27.50,500
8819,TAGS,2016-04-22,27.46,27.50,27.50,27.46,753
8820,TAGS,2016-04-25,27.52,27.75,27.75,27.52,418
8821,TAGS,2016-04-28,27.47,27.47,27.47,27.47,100
8822,TAGS,2016-04-29,28.34,28.00,28.34,28.00,520
8823,TAGS,2016-05-02,28.10,28.71,28.71,28.10,1050
8824,TAGS,2016-05-04,27.96,27.96,27.96,27.96,305
8825,TAGS,2016-05-09,26.71,26.71,26.71,26.71,751
8826,TAGS,2016-05-10,26.40,26.77,27.33,26.40,1766
8827,TAGS,2016-05-11,27.33,27.33,27.33,27.33,238
8828,TAGS,2016-05-12,27.68,27.59,27.68,27.59,300
8829,TAGS,2016-05-17,27.96,27.91,27.96,27.91,300
8830,TAGS,2016-05-20,28.00,28.39,28.39,28.00,1085
8831,TAGS,2016-05-31,28.50,28.50,28.50,28.50,300
8832,TAGS,2016-06-02,28.90,28.50,28.90,28.50,350
8833,TAGS,2016-06-03,29.00,29.00,29.00,28.30,2815
8834,TAGS,2016-06-08,28.82,28.81,28.82,28.81,400
8835,TAGS,2016-06-13,29.50,29.50,29.50,29.50,222
8836,TAGS,2016-06-16,29.89,30.95,30.95,29.89,1225
8837,TAGS,2016-06-20,30.00,30.00,30.00,30.00,149
8838,TAGS,2016-06-21,28.85,29.25,29.25,28.65,1990
8839,TAGS,2016-06-24,28.60,28.60,28.60,28.60,400
8840,TAGS,2016-06-27,28.50,28.50,28.50,28.50,154
8841,TAGS,2016-06-29,28.29,28.29,28.29,28.29,200
8842,TAGS,2016-06-30,28.55,29.19,29.19,28.17,2325
8843,TAGS,2016-07-01,27.80,28.75,28.75,27.75,644
8844,TAGS,2016-07-05,27.70,27.21,27.70,27.21,4000
8845,TAGS,2016-07-06,27.36,27.00,27.50,26.95,4300
8846,TAGS,2016-07-07,27.27,26.70,27.63,26.65,11200
8847,TAGS,2016-07-08,27.70,27.50,28.08,27.20,12300
8848,TAGS,2016-07-11,27.50,27.40,27.73,27.40,4523
8849,TAGS,2016-07-12,27.55,27.30,27.60,27.30,700
8850,TAGS,2016-07-13,27.90,27.77,27.90,27.77,500
8851,TAGS,2016-07-14,28.15,27.83,28.80,27.83,9402
8852,TAGS,2016-07-15,28.15,28.02,28.15,28.00,400
8853,TAGS,2016-07-18,27.80,26.41,28.00,26.41,1500
8854,TAGS,2016-07-19,26.83,26.65,27.26,26.65,3200
8855,TAGS,2016-07-20,27.20,27.20,27.20,27.20,206
8856,TAGS,2016-07-21,26.96,26.43,27.00,26.43,3498
8857,TAGS,2016-07-22,27.00,26.43,27.34,26.43,1984
8858,TAGS,2016-07-25,26.93,27.40,27.40,26.93,324
8859,TAGS,2016-07-26,26.99,26.11,26.99,26.11,1297
8860,TAGS,2016-07-27,26.90,26.55,27.29,26.55,4947
8861,TAGS,2016-07-28,26.16,26.13,26.65,26.13,934
8862,TAGS,2016-07-29,26.31,26.95,26.95,26.31,673
8863,TAGS,2016-08-01,26.30,26.62,26.80,26.30,706
8864,TAGS,2016-08-02,25.88,25.31,26.72,25.31,2002
8865,TAGS,2016-08-05,26.34,26.07,26.34,26.04,796
8866,TAGS,2016-08-17,27.19,27.19,27.19,27.19,275
8867,TAGS,2016-08-22,27.10,27.10,27.10,27.10,500
8868,TAGS,2016-08-30,26.25,25.91,26.25,25.91,800
8869,TAGS,2016-09-12,26.70,26.70,26.70,26.70,225
8870,TAGS,2016-09-20,27.25,27.25,27.25,27.25,121
8871,TAGS,2016-09-28,27.10,27.10,27.10,27.10,150
8872,TAGS,2016-09-30,26.72,26.31,26.80,26.31,979
8873,TAGS,2016-10-13,26.57,26.09,26.57,26.09,2421
8874,TAGS,2016-10-14,26.98,26.98,27.00,26.98,439
8875,TAGS,2016-10-19,27.47,27.26,27.47,27.26,390
8876,TAGS,2016-10-20,27.50,27.50,27.50,27.50,100
8877,TAGS,2016-10-21,27.39,27.39,27.39,27.39,150
8878,TAGS,2016-10-27,27.39,27.39,27.39,27.39,500
8879,TAGS,2016-10-28,27.05,27.50,27.50,27.05,269
8880,TAGS,2016-10-31,26.37,27.09,27.09,26.34,1242
8881,TAGS,2016-11-01,26.47,26.84,26.84,26.47,200
8882,TAGS,2016-11-04,26.48,26.48,26.48,26.48,100
8883,TAGS,2016-11-14,26.32,26.32,26.32,26.32,150
8884,TAGS,2016-11-29,25.62,25.62,25.62,25.62,140
8885,TAGS,2016-12-22,24.60,24.60,24.60,24.60,1130
8886,TAGS,2016-12-23,24.29,24.50,24.50,24.29,583
8887,TAGS,2016-12-30,25.68,25.68,25.68,25.68,100
8888,TAGS,2017-01-05,26.55,26.55,26.55,26.55,100
8889,TAGS,2017-01-09,25.57,25.57,25.57,25.57,100
8890,TAGS,2017-01-10,25.84,25.84,25.84,25.84,200
8891,TAGS,2017-01-25,26.25,26.27,26.27,26.25,383
8892,TAGS,2017-01-31,26.65,26.65,26.65,26.65,190
8893,TAGS,2017-02-06,27.15,27.15,27.15,27.15,250
8894,TAGS,2017-02-08,27.15,27.15,27.15,27.15,185
8895,TAGS,2017-02-16,27.45,27.55,27.55,27.45,650
8896,TAGS,2017-02-24,26.35,26.26,26.45,26.26,895
8897,TAGS,2017-03-03,26.68,26.68,26.68,26.68,131
8898,TAGS,2017-03-06,26.18,26.18,26.18,26.18,110
8899,TAGS,2017-03-09,26.11,26.11,26.11,26.11,150
8900,TAGS,2017-03-14,25.34,25.62,25.62,25.34,600
8901,TAGS,2017-03-16,25.58,25.58,25.58,25.58,100
8902,TAGS,2017-03-20,25.58,25.58,25.58,25.58,0
8903,TAGS,2017-03-21,25.11,25.58,25.58,25.11,350
8904,TAGS,2017-03-23,24.77,24.85,24.85,24.67,800
8905,TAGS,2017-03-31,24.71,24.71,24.71,24.71,100
8906,TAGS,2017-04-24,24.05,24.05,24.05,24.05,101
8907,TAGS,2017-05-02,24.50,24.50,24.50,24.50,165
8908,TAGS,2017-05-08,24.04,24.04,24.04,24.04,150
8909,TAGS,2017-05-09,24.15,24.15,24.15,24.15,298
8910,TAGS,2017-05-15,24.23,24.23,24.23,24.23,106
8911,TAGS,2017-05-16,23.62,26.56,26.56,23.55,548
8912,TAGS,2017-05-26,23.65,23.65,23.65,23.65,100
8913,TAGS,2017-06-02,22.95,22.95,22.95,22.95,400
8914,TAGS,2017-06-06,22.92,22.92,22.92,22.92,200
8915,TAGS,2017-06-30,24.80,24.80,24.80,24.80,100
8916,TAGS,2017-07-05,25.53,25.53,25.53,25.53,100
8917,TAGS,2017-07-10,25.50,25.50,25.50,25.50,200
8918,TAGS,2017-07-12,25.50,25.50,25.50,25.50,100
8919,TAGS,2017-07-14,24.80,24.80,24.80,24.80,150
8920,TAGS,2017-07-18,24.80,24.80,24.80,24.80,150
8921,TAGS,2017-07-20,24.99,25.50,25.50,24.99,300
8922,TAGS,2017-08-01,24.29,24.99,24.99,24.29,1952
8923,TAGS,2017-08-02,25.01,25.30,25.30,25.01,465
8924,TAGS,2017-08-03,24.19,24.19,24.19,24.19,279
8925,TAGS,2017-08-10,23.27,23.43,23.46,23.27,355
8926,TAGS,2017-08-15,22.84,22.84,22.84,22.84,100
8927,TAGS,2017-08-29,22.83,22.83,22.83,22.83,169
8928,TAGS,2017-08-30,22.14,22.15,22.15,22.14,225
8929,TAGS,2017-08-31,23.04,23.04,23.04,23.04,100
8930,TAGS,2017-09-26,22.56,22.56,22.63,22.56,1100
8931,TAGS,2017-09-29,22.90,22.90,22.90,22.90,100
8932,TAGS,2017-10-11,22.60,22.60,22.60,22.60,100
8933,TAGS,2017-10-12,22.55,22.55,22.55,22.55,200
8934,TAGS,2017-10-30,22.77,22.60,22.77,22.60,4500
8935,TAGS,2017-11-28,22.38,22.38,22.38,22.38,100
8936,TAGS,2017-12-01,21.96,21.96,21.96,21.96,200
8937,TAGS,2017-12-07,21.76,21.77,21.77,21.76,260
8938,TAGS,2017-12-18,21.20,21.20,21.20,21.20,951
8939,TAGS,2017-12-19,21.85,21.80,21.85,21.80,680
8940,TAGS,2017-12-20,21.75,21.99,21.99,21.75,300
8941,TAGS,2017-12-21,21.39,21.62,21.62,21.39,370
8942,TAGS,2017-12-27,22.37,22.37,22.37,22.37,150
8943,TAGS,2017-12-28,21.91,21.91,21.91,21.91,150
8944,TAGS,2017-12-29,22.10,22.42,22.42,22.10,200
8945,TAGS,2018-01-02,22.47,22.50,22.50,22.47,476
8946,TAGS,2018-01-10,22.36,22.36,22.36,22.36,201
8947,TAGS,2018-01-11,22.15,21.99,22.15,21.99,200
8948,TAGS,2018-01-16,21.95,21.95,21.95,21.95,445
8949,TAGS,2018-01-26,22.19,21.81,22.19,21.81,200
8950,TAGS,2018-01-30,22.46,22.46,22.46,22.46,200
8951,TAGS,2018-02-06,22.62,22.57,22.62,22.57,550
8952,TAGS,2018-02-07,22.31,22.31,22.31,22.31,251
8953,TAGS,2018-02-08,22.34,22.34,22.34,22.34,250
8954,TAGS,2018-02-13,22.75,22.59,22.75,22.59,350
8955,TAGS,2018-02-14,22.61,22.71,22.71,22.61,400
8956,TAGS,2018-02-16,22.70,22.60,22.72,22.60,6019
8957,TAGS,2018-02-22,22.89,22.56,22.89,22.56,404
8958,TAGS,2018-02-23,22.98,22.98,22.98,22.98,465
8959,TAGS,2018-02-28,23.66,23.27,23.70,23.27,2142
8960,TAGS,2018-03-02,24.08,24.12,24.12,24.08,600
8961,TAGS,2018-03-06,23.96,23.96,23.96,23.96,187
8962,TAGS,2018-03-09,23.22,23.50,23.50,23.22,500
8963,TAGS,2018-03-12,23.62,23.68,23.68,23.62,224
8964,TAGS,2018-03-15,23.50,23.50,23.50,23.50,106
8965,TAGS,2018-03-22,22.68,23.04,23.09,22.68,664
8966,TAGS,2018-03-23,23.07,23.07,23.07,23.07,3799
8967,TAGS,2018-03-28,22.83,22.89,22.89,22.83,289
8968,TAGS,2018-03-29,24.25,22.78,24.25,22.78,2603
8969,TAGS,2018-04-02,23.35,23.99,23.99,23.35,1470
8970,TAGS,2018-04-03,23.08,23.15,23.15,23.08,2051
8971,TAGS,2018-04-09,25.70,25.39,25.70,24.33,889
8972,TAGS,2018-04-10,23.08,23.23,23.23,23.08,900
8973,TAGS,2018-04-11,23.00,23.00,23.00,23.00,300
8974,TAGS,2018-04-23,22.33,22.33,22.33,22.33,100
8975,TAGS,2018-04-26,22.42,22.42,22.42,22.42,350
8976,TAGS,2018-05-04,23.00,23.00,23.00,23.00,250
8977,TAGS,2018-05-09,22.59,22.59,22.59,22.59,250
8978,TAGS,2018-05-10,22.68,22.68,22.68,22.68,229
8979,TAGS,2018-05-14,22.25,21.23,22.25,21.23,610
8980,TAGS,2018-05-15,22.47,22.20,22.48,21.17,1300
8981,TAGS,2018-05-24,22.73,22.73,22.73,22.73,100
8982,TAGS,2018-05-25,22.94,22.88,22.94,22.88,375
8983,TAGS,2018-06-01,23.21,23.21,23.21,23.21,100
8984,TAGS,2018-06-08,22.40,22.38,22.40,22.37,4600
8985,TAGS,2018-06-14,22.20,22.20,22.20,22.20,4200
8986,TAGS,2018-06-15,21.69,21.69,21.69,21.69,804
8987,TAGS,2018-06-19,21.26,21.07,21.26,21.07,525
8988,TAGS,2018-06-25,21.20,21.16,21.20,21.16,500
8989,TAGS,2018-06-26,21.27,21.27,21.27,21.27,116
8990,TAGS,2018-07-10,20.50,20.50,20.50,20.50,100
8991,TAGS,2018-07-13,20.53,20.53,20.53,20.53,100
8992,TAGS,2018-07-18,20.50,21.36,21.36,20.50,500
8993,TAGS,2018-07-26,20.98,20.99,21.00,20.98,3000
8994,TAGS,2018-07-31,21.33,21.23,21.33,21.23,400
8995,TAGS,2018-08-01,21.34,21.34,21.34,21.34,100
8996,TAGS,2018-08-02,21.26,21.26,21.26,21.26,106
8997,TAGS,2018-08-10,21.30,21.30,21.30,21.30,140
8998,TAGS,2018-08-23,20.42,20.42,20.42,20.42,1100
8999,TAGS,2018-08-27,20.09,20.09,20.09,20.09,100
9000,TAGS,2018-08-29,20.17,20.16,20.17,20.16,840
9001,TAGS,2018-08-30,20.17,20.17,20.17,20.17,5000
9002,TAGS,2018-09-13,20.42,20.42,20.42,20.42,200
9003,TAGS,2018-09-17,20.08,20.08,20.08,20.08,120
9004,TAGS,2018-09-26,20.04,20.04,20.04,20.04,330
9005,TAGS,2018-09-27,20.10,20.10,20.10,20.10,200
9006,TAGS,2018-10-10,21.06,21.06,21.06,21.06,125
9007,TAGS,2018-10-11,20.90,20.90,20.90,20.90,100
9008,TAGS,2018-12-06,20.46,20.66,20.66,20.46,10936
9009,TAGS,2018-12-10,20.80,20.80,20.80,20.80,0
9010,TAGS,2018-12-11,20.81,20.81,20.81,20.81,0
9011,TAGS,2018-12-12,20.88,20.88,20.88,20.88,0
9012,TAGS,2018-12-13,20.82,20.74,20.82,20.57,4868
9013,TAGS,2018-12-14,20.84,20.84,20.84,20.84,0
9014,TAGS,2018-12-17,20.84,20.84,20.84,20.84,25
9015,TAGS,2018-12-18,20.74,20.57,20.74,20.57,200
9016,TAGS,2018-12-19,20.65,20.65,20.65,20.65,3
9017,TAGS,2018-12-20,20.45,20.92,20.92,20.45,430
9018,TAGS,2018-12-21,20.40,20.24,20.40,20.24,403
9019,TAGS,2018-12-24,20.61,20.61,20.61,20.61,0
9020,TAGS,2018-12-26,20.20,20.20,20.20,20.20,0
9021,TAGS,2018-12-27,20.17,20.17,20.17,20.17,11
9022,TAGS,2018-12-28,20.43,20.43,20.43,20.43,11
9023,TAGS,2018-12-31,20.53,20.40,20.53,20.40,300
9024,TAGS,2019-01-02,20.24,20.39,20.39,20.20,700
9025,TAGS,2019-01-03,20.37,20.37,20.37,20.37,0
9026,TAGS,2019-01-04,20.40,20.40,20.40,20.40,0
9027,TAGS,2019-01-07,20.70,20.70,20.70,20.70,0
9028,TAGS,2019-01-08,20.76,20.76,20.76,20.76,1
9029,TAGS,2019-01-09,20.92,20.92,20.92,20.92,0
9030,TAGS,2019-01-10,20.72,20.72,20.72,20.72,21
9031,TAGS,2019-01-11,20.70,20.63,20.70,20.63,138
9032,TAGS,2019-01-14,20.59,20.44,20.59,20.44,299
9033,TAGS,2019-01-15,20.57,20.57,20.57,20.57,0
9034,TAGS,2019-01-16,20.66,20.66,20.66,20.66,0
9035,TAGS,2019-01-17,20.75,20.48,20.75,20.48,101
9036,TAGS,2019-01-18,20.83,20.83,20.83,20.83,1
9037,TAGS,2019-01-22,20.89,20.89,20.89,20.89,90
9038,TAGS,2019-01-23,20.86,20.86,20.86,20.86,39
9039,TAGS,2019-01-24,20.90,20.90,20.90,20.90,0
9040,TAGS,2019-01-25,20.72,20.79,20.79,20.72,500
9041,TAGS,2019-01-28,20.76,20.76,20.76,20.76,0
9042,TAGS,2019-01-29,20.65,20.65,20.65,20.65,0
9043,TAGS,2019-01-30,20.74,20.74,20.74,20.74,0
9044,TAGS,2019-01-31,20.70,20.70,20.70,20.70,0
9045,TAGS,2019-02-01,20.74,20.74,20.74,20.74,1
9046,TAGS,2019-02-04,20.76,20.76,20.76,20.76,1
9047,TAGS,2019-02-05,20.76,20.59,20.76,20.56,500
9048,TAGS,2019-02-06,20.82,20.82,20.82,20.82,4
9049,TAGS,2019-02-07,20.60,20.60,20.60,20.60,0
9050,TAGS,2019-02-08,20.59,20.59,20.59,20.59,0
9051,TAGS,2019-02-11,20.42,20.42,20.42,20.42,0
9052,TAGS,2019-02-12,20.55,20.55,20.55,20.55,2
9053,TAGS,2019-02-13,20.62,20.62,20.62,20.62,0
9054,TAGS,2019-02-14,20.41,20.41,20.41,20.41,4
9055,TAGS,2019-02-15,20.49,20.49,20.49,20.49,1
9056,TAGS,2019-02-19,20.45,20.68,20.68,20.45,200
9057,TAGS,2019-02-20,20.35,20.35,20.35,20.35,0
9058,TAGS,2019-02-21,20.55,20.55,20.55,20.55,0
9059,TAGS,2019-02-22,20.62,20.62,20.62,20.62,0
9060,TAGS,2019-02-25,20.33,20.33,20.33,20.33,19
9061,TAGS,2019-02-26,20.14,20.25,20.25,20.14,605
9062,TAGS,2019-02-27,20.15,20.15,20.15,20.15,0
9063,TAGS,2019-02-28,20.04,20.04,20.04,20.04,0
9064,TAGS,2019-03-01,19.86,20.00,20.00,19.86,352
9065,TAGS,2019-03-04,19.81,19.81,19.81,19.81,0
9066,TAGS,2019-03-05,19.89,19.89,19.89,19.89,0
9067,TAGS,2019-03-06,19.53,19.62,19.62,19.53,121
9068,TAGS,2019-03-07,19.35,19.43,19.43,19.35,300
9069,TAGS,2019-03-08,19.28,19.28,19.28,19.28,35
9070,TAGS,2019-03-11,19.16,19.16,19.16,19.16,0
9071,TAGS,2019-03-12,19.52,19.52,19.52,19.52,1
9072,TAGS,2019-03-13,19.47,19.44,19.47,19.44,384
9073,TAGS,2019-03-14,19.43,19.43,19.43,19.43,0
9074,TAGS,2019-03-15,19.75,19.75,19.75,19.75,0
9075,TAGS,2019-03-18,19.82,19.82,19.82,19.82,100
9076,TAGS,2019-03-19,19.78,19.78,19.78,19.78,0
9077,TAGS,2019-03-20,19.87,19.87,19.87,19.87,0
9078,TAGS,2019-03-21,19.90,19.75,19.90,19.75,492
9079,TAGS,2019-03-22,19.94,19.94,19.94,19.94,0
9080,TAGS,2019-03-25,19.98,19.98,19.98,19.98,0
9081,TAGS,2019-03-26,19.83,19.94,19.94,19.83,100
9082,TAGS,2019-03-27,19.73,19.73,19.73,19.73,0
9083,TAGS,2019-03-28,19.72,19.72,19.72,19.72,0
9084,TAGS,2019-03-29,19.39,19.50,19.50,19.39,290
9085,TAGS,2019-04-01,19.60,19.60,19.60,19.60,40
9086,TAGS,2019-04-02,19.65,19.50,19.66,19.50,500
9087,TAGS,2019-04-03,19.59,19.59,19.59,19.59,0
9088,TAGS,2019-04-04,19.77,19.77,19.77,19.77,0
9089,TAGS,2019-04-05,19.83,19.80,19.83,19.80,1600
9090,TAGS,2019-04-08,19.57,19.57,19.57,19.57,0
9091,TAGS,2019-04-09,19.60,19.60,19.60,19.60,0
9092,TAGS,2019-04-10,19.65,19.78,19.78,19.65,593
9093,TAGS,2019-04-11,19.58,19.58,19.58,19.58,50
9094,TAGS,2019-04-12,19.68,19.68,19.68,19.68,101
9095,TAGS,2019-04-15,19.61,19.61,19.61,19.61,20
9096,TAGS,2019-04-16,19.39,19.46,19.64,19.36,11154
9097,TAGS,2019-04-17,19.27,19.27,19.27,19.27,54
9098,TAGS,2019-04-18,19.53,19.31,19.53,19.31,600
9099,TAGS,2019-04-22,19.20,19.20,19.20,19.20,0
9100,TAGS,2019-04-23,19.13,19.13,19.13,19.13,0
9101,TAGS,2019-04-24,19.12,19.12,19.12,19.12,100
9102,TAGS,2019-04-25,19.14,19.00,19.14,19.00,607
9103,TAGS,2019-04-26,19.16,19.16,19.16,19.16,100
9104,TAGS,2019-04-29,18.84,19.00,19.00,18.84,261
9105,TAGS,2019-04-30,18.92,18.92,18.92,18.92,250
9106,TAGS,2019-05-01,18.96,18.96,18.96,18.96,100
9107,TAGS,2019-05-02,18.89,18.89,18.89,18.89,30
9108,TAGS,2019-05-03,18.78,18.78,18.78,18.78,0
9109,TAGS,2019-05-06,18.68,18.67,18.68,18.67,103
9110,TAGS,2019-05-07,18.72,18.72,18.72,18.72,45
9111,TAGS,2019-05-08,18.58,18.63,18.63,18.58,100
9112,TAGS,2019-05-09,18.27,18.53,18.53,18.27,500
9113,TAGS,2019-05-10,18.19,18.36,18.37,18.19,368
9114,TAGS,2019-05-13,18.48,18.00,18.48,18.00,818
9115,TAGS,2019-05-14,18.73,18.73,18.73,18.73,0
9116,TAGS,2019-05-15,18.74,18.74,18.74,18.74,0
9117,TAGS,2019-05-16,18.95,18.95,18.95,18.95,87
9118,TAGS,2019-05-17,18.73,18.73,18.73,18.73,0
9119,TAGS,2019-05-20,19.02,19.02,19.02,19.02,301
9120,TAGS,2019-05-21,19.05,19.05,19.05,19.05,20
9121,TAGS,2019-05-22,19.04,19.04,19.04,19.04,50
9122,TAGS,2019-05-23,18.97,18.97,18.97,18.97,1
9123,TAGS,2019-05-24,19.31,19.31,19.31,19.31,1
9124,TAGS,2019-05-28,19.69,19.69,19.69,19.69,5
9125,TAGS,2019-05-29,19.70,19.94,19.95,19.70,1513
9126,TAGS,2019-05-30,20.04,20.04,20.04,20.04,0
9127,TAGS,2019-05-31,20.00,20.15,20.15,20.00,1645
9128,TAGS,2019-06-03,20.05,20.05,20.05,20.05,0
9129,TAGS,2019-06-04,20.07,20.07,20.07,20.07,0
9130,TAGS,2019-06-05,19.73,19.73,19.73,19.73,5
9131,TAGS,2019-06-06,20.06,20.16,20.17,20.06,953
9132,TAGS,2019-06-07,19.86,19.86,19.86,19.86,1
9133,TAGS,2019-06-10,19.85,19.75,19.85,19.75,1650
9134,TAGS,2019-06-11,20.04,20.04,20.04,20.04,0
9135,TAGS,2019-06-12,20.25,20.25,20.25,20.25,0
9136,TAGS,2019-06-13,20.45,20.45,20.45,20.45,0
9137,TAGS,2019-06-14,20.57,20.57,20.57,20.57,50
9138,TAGS,2019-06-17,20.73,20.66,20.73,20.66,335
9139,TAGS,2019-06-18,20.51,20.55,20.55,20.51,100
9140,TAGS,2019-06-19,20.29,20.29,20.29,20.29,0
9141,TAGS,2019-06-20,20.41,20.41,20.41,20.41,0
9142,TAGS,2019-06-21,20.25,20.25,20.25,20.25,30
9143,TAGS,2019-06-24,20.38,20.38,20.38,20.38,4
9144,TAGS,2019-06-25,20.39,20.39,20.39,20.39,0
9145,TAGS,2019-06-26,20.32,20.32,20.32,20.32,30
9146,TAGS,2019-06-27,20.33,20.33,20.33,20.33,25
9147,TAGS,2019-06-28,20.13,20.40,20.40,20.11,4925
9148,TAGS,2019-07-01,19.85,20.00,20.00,19.85,150
9149,TAGS,2019-07-02,19.72,19.72,19.72,19.72,6
9150,TAGS,2019-07-03,20.05,20.05,20.05,20.05,16
9151,TAGS,2019-07-05,19.95,20.08,20.11,19.95,460
9152,TAGS,2019-07-08,19.93,19.93,19.93,19.93,100
9153,TAGS,2019-07-09,19.86,19.86,19.86,19.86,0
9154,TAGS,2019-07-10,19.93,19.93,19.93,19.93,0
9155,TAGS,2019-07-11,20.18,20.18,20.18,20.18,0
9156,TAGS,2019-07-12,20.32,20.32,20.32,20.32,0
9157,TAGS,2019-07-15,19.98,20.13,20.13,19.98,250
9158,TAGS,2019-07-16,19.83,19.83,19.83,19.83,0
9159,TAGS,2019-07-17,19.69,19.69,19.69,19.69,0
9160,TAGS,2019-07-18,19.49,19.49,19.49,19.49,50
9161,TAGS,2019-07-19,19.65,19.65,19.65,19.65,0
9162,TAGS,2019-07-22,19.39,19.39,19.39,19.39,14
9163,TAGS,2019-07-23,19.52,19.52,19.52,19.52,0
9164,TAGS,2019-07-24,19.64,19.64,19.64,19.64,0
9165,TAGS,2019-07-25,19.61,19.61,19.61,19.61,15
9166,TAGS,2019-07-26,19.52,19.52,19.52,19.52,16
9167,TAGS,2019-07-29,19.60,19.60,19.60,19.60,70
9168,TAGS,2019-07-30,19.55,19.55,19.55,19.55,25
9169,TAGS,2019-07-31,19.26,19.26,19.26,19.26,0
9170,TAGS,2019-08-01,19.05,19.05,19.05,19.05,0
9171,TAGS,2019-08-02,19.14,18.89,19.14,18.89,570
9172,TAGS,2019-08-05,19.15,19.15,19.15,19.15,70
9173,TAGS,2019-08-06,19.01,18.92,19.01,18.92,1000
9174,TAGS,2019-08-07,19.01,19.01,19.01,19.01,0
9175,TAGS,2019-08-08,19.19,19.21,19.21,19.19,165
9176,TAGS,2019-08-09,19.34,19.34,19.34,19.34,0
9177,TAGS,2019-08-12,18.76,18.76,18.76,18.76,0
9178,TAGS,2019-08-13,18.70,18.70,18.70,18.70,2
9179,TAGS,2019-08-14,18.58,18.58,18.58,18.58,0
9180,TAGS,2019-08-15,18.50,18.50,18.50,18.50,44
9181,TAGS,2019-08-16,18.65,18.65,18.65,18.65,5
9182,TAGS,2019-08-19,18.43,18.43,18.43,18.43,1
9183,TAGS,2019-08-20,18.34,18.34,18.34,18.34,0
9184,TAGS,2019-08-21,18.39,18.39,18.39,18.39,0
9185,TAGS,2019-08-22,18.46,18.46,18.46,18.46,0
9186,TAGS,2019-08-23,18.35,18.35,18.35,18.35,0
9187,TAGS,2019-08-26,18.41,18.41,18.41,18.41,0
9188,TAGS,2019-08-27,18.29,18.29,18.29,18.29,0
9189,TAGS,2019-08-28,18.38,18.29,18.38,18.29,142
9190,TAGS,2019-08-29,18.32,18.32,18.32,18.32,0
9191,TAGS,2019-08-30,18.21,18.30,18.30,18.21,350
9192,TAGS,2019-09-03,18.11,18.11,18.11,18.11,0
9193,TAGS,2019-09-04,18.10,18.10,18.10,18.10,10
9194,TAGS,2019-09-05,18.09,18.09,18.09,18.09,0
9195,TAGS,2019-09-06,17.92,18.00,18.00,17.92,310
9196,TAGS,2019-09-09,17.97,17.00,17.97,17.00,1240
9197,TAGS,2019-09-10,18.25,18.25,18.25,18.25,59
9198,TAGS,2019-09-11,18.13,18.13,18.13,18.13,58
9199,TAGS,2019-09-12,18.29,18.25,18.29,18.25,340
9200,TAGS,2019-09-13,18.47,18.47,18.47,18.47,5
9201,TAGS,2019-09-16,18.64,18.64,18.64,18.64,5
9202,TAGS,2019-09-17,18.49,18.49,18.49,18.49,0
9203,TAGS,2019-09-18,18.54,18.42,18.54,18.42,100
9204,TAGS,2019-09-19,18.44,18.44,18.44,18.44,0
9205,TAGS,2019-09-20,18.39,18.39,18.39,18.39,0
9206,TAGS,2019-09-23,18.43,18.43,18.43,18.43,15
9207,TAGS,2019-09-24,18.53,18.53,18.53,18.53,0
9208,TAGS,2019-09-25,18.58,18.58,18.58,18.58,0
9209,TAGS,2019-09-26,18.59,18.59,18.59,18.59,0
9210,TAGS,2019-09-27,18.62,18.62,18.62,18.62,0
9211,TAGS,2019-09-30,18.93,18.93,18.93,18.93,100
9212,TAGS,2019-10-01,19.06,19.06,19.06,19.06,0
9213,TAGS,2019-10-02,19.00,19.00,19.00,19.00,0
9214,TAGS,2019-10-03,18.96,18.96,18.96,18.96,0
9215,TAGS,2019-10-04,18.97,18.97,18.97,18.97,0
9216,TAGS,2019-10-07,18.90,18.90,18.90,18.90,2
9217,TAGS,2019-10-08,19.05,19.05,19.05,19.05,0
9218,TAGS,2019-10-09,19.02,19.02,19.02,19.02,0
9219,TAGS,2019-10-10,18.81,18.81,18.81,18.81,0
9220,TAGS,2019-10-11,19.09,19.16,19.16,19.09,580
9221,TAGS,2019-10-14,19.19,19.44,19.44,19.19,400
9222,TAGS,2019-10-15,19.13,19.40,19.40,19.13,371
9223,TAGS,2019-10-16,19.09,19.09,19.09,19.09,0
9224,TAGS,2019-10-17,19.15,19.15,19.15,19.15,0
9225,TAGS,2019-10-18,19.27,19.27,19.27,19.27,0
9226,TAGS,2019-10-21,19.16,19.07,19.16,19.07,300
9227,TAGS,2019-10-22,19.09,19.09,19.09,19.09,0
9228,TAGS,2019-10-23,19.12,19.12,19.12,19.12,16
9229,TAGS,2019-10-24,19.07,19.04,19.07,19.04,250
9230,TAGS,2019-10-25,19.08,19.11,19.11,19.08,409
9231,TAGS,2019-10-28,19.05,19.05,19.05,19.05,28
9232,TAGS,2019-10-29,19.03,19.03,19.03,19.03,0
9233,TAGS,2019-10-30,19.04,19.04,19.04,19.04,0
9234,TAGS,2019-10-31,19.04,18.75,19.04,18.74,360
9235,TAGS,2019-11-01,19.00,19.00,19.00,19.00,11
9236,TAGS,2019-11-04,19.07,19.07,19.07,19.07,0
9237,TAGS,2019-11-05,19.07,19.07,19.07,19.07,18
9238,TAGS,2019-11-06,18.99,18.99,18.99,18.99,0
9239,TAGS,2019-11-07,18.87,18.66,18.87,18.66,170
9240,TAGS,2019-11-08,18.92,18.92,18.92,18.92,0
9241,TAGS,2019-11-11,18.80,18.80,18.80,18.80,10
9242,TAGS,2019-11-12,18.95,18.95,18.95,18.95,0
9243,TAGS,2019-11-13,18.89,18.89,18.89,18.89,0
9244,TAGS,2019-11-14,18.88,18.88,18.88,18.88,0
9245,TAGS,2019-11-15,18.77,18.90,18.90,18.77,2001
9246,TAGS,2019-11-18,18.72,18.72,18.72,18.72,0
9247,TAGS,2019-11-19,18.79,18.79,18.79,18.79,0
9248,TAGS,2019-11-20,18.77,18.77,18.77,18.77,0
9249,TAGS,2019-11-21,18.67,18.67,18.67,18.67,120
9250,TAGS,2019-11-22,18.75,18.75,18.75,18.75,0
9251,TAGS,2019-11-25,18.91,19.00,19.00,18.91,403
9252,TAGS,2019-11-26,18.78,18.78,18.78,18.78,0
9253,TAGS,2019-11-27,18.68,18.68,18.68,18.68,0
9254,TAGS,2019-11-29,18.88,18.88,18.88,18.88,0
9255,TAGS,2019-12-02,18.79,18.79,18.79,18.79,0
9256,TAGS,2019-12-03,18.75,18.75,18.75,18.75,0
9257,TAGS,2019-12-04,18.85,18.85,18.85,18.85,4
9258,TAGS,2019-12-05,18.78,18.78,18.78,18.78,50
9259,TAGS,2019-12-06,18.88,18.94,18.94,18.88,800
9260,TAGS,2019-12-09,18.98,18.98,18.98,18.98,1
9261,TAGS,2019-12-10,19.03,19.09,19.09,19.03,100
9262,TAGS,2019-12-11,18.91,18.91,18.91,18.91,0
9263,TAGS,2019-12-12,19.16,19.30,19.30,19.16,760
9264,TAGS,2019-12-13,19.21,19.21,19.21,19.21,2
9265,TAGS,2019-12-16,19.41,19.36,19.41,19.36,103
9266,TAGS,2019-12-17,19.48,19.48,19.48,19.48,0
9267,TAGS,2019-12-18,19.49,19.37,19.49,19.37,300
9268,TAGS,2019-12-19,19.53,19.22,19.53,19.22,540
9269,TAGS,2019-12-20,19.56,19.42,19.56,19.42,210
9270,TAGS,2019-12-23,19.46,19.46,19.46,19.46,19
9271,TAGS,2019-12-24,19.47,19.47,19.47,19.47,103
9272,TAGS,2019-12-26,19.60,19.60,19.60,19.60,18
9273,TAGS,2019-12-27,19.63,19.54,19.63,19.49,3940
9274,TAGS,2019-12-30,19.68,19.39,19.68,19.39,715
9275,TAGS,2019-12-31,19.60,19.60,19.60,19.60,12
9276,TAGS,2020-01-02,19.71,19.71,19.71,19.71,78
9277,TAGS,2020-01-03,19.56,19.56,19.56,19.56,0
9278,TAGS,2020-01-06,19.60,19.66,19.66,19.60,283
9279,TAGS,2020-01-07,19.57,19.47,19.61,19.47,1441
9280,TAGS,2020-01-08,19.56,19.61,19.61,19.56,300
9281,TAGS,2020-01-09,19.63,19.63,19.63,19.63,0
9282,TAGS,2020-01-10,19.79,19.62,19.79,19.62,300
9283,TAGS,2020-01-13,19.79,19.79,19.79,19.79,1
9284,TAGS,2020-01-14,19.90,19.63,19.90,19.60,700
9285,TAGS,2020-01-15,19.87,20.00,20.00,19.87,204
9286,TAGS,2020-01-16,19.64,19.46,19.78,19.45,617
9287,TAGS,2020-01-17,19.88,19.69,19.88,19.69,121
9288,TAGS,2020-01-21,19.91,19.53,19.91,19.52,1723
9289,TAGS,2020-01-22,19.84,19.68,19.84,19.68,500
9290,TAGS,2020-01-23,19.84,19.89,19.89,19.84,608
9291,TAGS,2020-01-24,19.65,19.65,19.65,19.65,8
9292,TAGS,2020-01-27,19.49,19.50,19.50,19.46,550
9293,TAGS,2020-01-28,19.58,19.60,19.60,19.58,207
9294,TAGS,2020-01-29,19.49,19.40,19.49,19.36,405
9295,TAGS,2020-01-30,19.28,19.28,19.28,19.28,0
9296,TAGS,2020-01-31,19.20,19.20,19.20,19.20,13
9297,TAGS,2020-02-03,19.29,19.29,19.29,19.29,0
9298,TAGS,2020-02-04,19.37,19.37,19.37,19.37,23
9299,TAGS,2020-02-05,19.42,19.42,19.42,19.42,0
9300,TAGS,2020-02-06,19.41,19.29,19.41,19.29,414
9301,TAGS,2020-02-07,19.48,19.48,19.48,19.48,65
9302,TAGS,2020-02-10,19.31,19.31,19.31,19.31,100
9303,TAGS,2020-02-11,19.41,19.41,19.41,19.41,2
9304,TAGS,2020-02-12,19.45,19.45,19.45,19.45,75
9305,TAGS,2020-02-13,19.41,19.45,19.45,19.32,300
9306,TAGS,2020-02-14,19.30,19.35,19.35,19.30,361
9307,TAGS,2020-02-18,19.54,19.54,19.54,19.54,2
9308,TAGS,2020-02-19,19.56,19.55,19.56,19.50,410
9309,TAGS,2020-02-20,19.47,19.47,19.47,19.47,7
9310,TAGS,2020-02-21,19.42,19.50,19.50,19.42,166
9311,TAGS,2020-02-24,19.10,19.52,19.52,19.10,405
9312,TAGS,2020-02-25,19.03,19.03,19.03,19.03,143
9313,TAGS,2020-02-26,19.02,19.01,19.02,19.01,148
9314,TAGS,2020-02-27,18.82,18.97,18.97,18.50,338
9315,TAGS,2020-02-28,18.68,18.68,18.68,18.68,457
9316,TAGS,2020-03-02,18.80,18.80,18.80,18.80,1
9317,TAGS,2020-03-03,18.89,18.89,18.89,18.89,1
9318,TAGS,2020-03-04,18.78,18.78,18.78,18.78,0
9319,TAGS,2020-03-05,18.66,18.59,18.66,18.59,131
9320,TAGS,2020-03-06,18.45,18.45,18.45,18.45,52
9321,TAGS,2020-03-09,18.36,17.06,18.36,17.00,431
9322,TAGS,2020-03-10,18.20,18.20,18.20,18.20,3
9323,TAGS,2020-03-11,17.93,16.96,17.93,16.87,2917
9324,TAGS,2020-03-12,17.15,17.44,17.48,17.15,475
9325,TAGS,2020-03-13,17.52,17.52,17.52,17.52,20
9326,TAGS,2020-03-16,16.73,16.73,16.73,16.73,1803
9327,TAGS,2020-03-17,17.04,16.76,17.04,16.76,560
9328,TAGS,2020-03-18,16.15,16.83,16.84,16.15,334
9329,TAGS,2020-03-19,16.63,17.22,17.22,16.63,279
9330,TAGS,2020-03-20,16.80,16.80,16.80,16.80,60
9331,TAGS,2020-03-23,17.43,17.37,17.69,17.37,2481
9332,TAGS,2020-03-24,17.13,17.13,17.13,17.13,36
9333,TAGS,2020-03-25,17.50,17.69,17.69,17.50,150
9334,TAGS,2020-03-26,17.03,18.29,18.29,17.03,1062
9335,TAGS,2020-03-27,16.35,17.00,17.00,16.35,2567
9336,TAGS,2020-03-30,16.89,16.70,16.99,16.38,10583
9337,TAGS,2020-03-31,16.97,16.97,16.97,16.97,4
9338,TAGS,2020-04-01,16.43,17.76,17.77,16.43,1316
9339,TAGS,2020-04-02,16.39,16.39,16.39,16.39,130
9340,TAGS,2020-04-03,16.42,16.42,16.42,16.42,3
9341,TAGS,2020-04-06,16.43,17.36,17.36,16.43,1117
9342,TAGS,2020-04-07,16.74,16.92,16.98,16.74,1200
9343,TAGS,2020-04-08,16.79,16.12,16.79,16.11,642
9344,TAGS,2020-04-09,16.72,17.08,17.08,16.72,227
9345,TAGS,2020-04-13,16.58,16.03,16.58,16.02,500
9346,TAGS,2020-04-14,16.65,16.65,16.65,16.65,1
9347,TAGS,2020-04-15,16.59,16.63,16.63,16.59,158
9348,TAGS,2020-04-16,16.49,16.27,16.49,16.27,3754
9349,TAGS,2020-04-17,16.60,16.60,16.60,16.60,12
9350,TAGS,2020-04-20,16.43,16.14,16.43,16.06,725
9351,TAGS,2020-04-21,16.35,16.35,16.35,16.35,13
9352,TAGS,2020-04-22,16.52,16.52,16.52,16.52,20
9353,TAGS,2020-04-23,16.56,16.48,16.56,16.48,202
9354,TAGS,2020-04-24,16.23,17.60,17.60,16.23,333
9355,TAGS,2020-04-27,15.81,16.80,16.80,15.81,2088
9356,TAGS,2020-04-28,15.90,15.90,15.90,15.90,3
9357,TAGS,2020-04-29,15.99,15.99,15.99,15.99,10
9358,TAGS,2020-04-30,16.11,16.11,16.11,16.11,3
9359,TAGS,2020-05-01,16.36,16.36,16.36,16.36,70
9360,TAGS,2020-05-04,16.11,16.11,16.11,16.11,52
9361,TAGS,2020-05-05,16.21,16.21,16.21,16.21,0
9362,TAGS,2020-05-06,16.02,16.02,16.02,16.02,1
9363,TAGS,2020-05-07,16.17,16.17,16.17,16.17,52
9364,TAGS,2020-05-08,16.19,16.19,16.19,16.19,0
9365,TAGS,2020-05-11,16.06,16.06,16.06,16.06,11
9366,TAGS,2020-05-12,16.08,15.94,16.08,15.86,429
9367,TAGS,2020-05-13,16.07,16.07,16.07,16.07,151
9368,TAGS,2020-05-14,15.90,15.60,16.10,15.58,330
9369,TAGS,2020-05-15,15.88,16.01,16.03,15.88,415
9370,TAGS,2020-05-18,16.34,16.58,16.58,16.34,206
9371,TAGS,2020-05-19,16.40,16.40,16.40,16.40,50
9372,TAGS,2020-05-20,16.22,16.22,16.22,16.22,107
9373,TAGS,2020-05-21,16.66,16.87,16.87,16.66,140
9374,TAGS,2020-05-22,16.49,17.17,17.17,16.49,353
9375,TAGS,2020-05-26,16.67,17.61,17.61,16.49,580
9376,TAGS,2020-05-27,16.48,16.74,16.74,16.22,751
9377,TAGS,2020-05-28,16.39,16.63,16.63,16.39,102
9378,TAGS,2020-05-29,16.51,16.60,16.60,16.51,363
9379,TAGS,2020-06-01,16.47,16.47,16.47,16.47,1
9380,TAGS,2020-06-02,16.62,16.62,16.62,16.62,3
9381,TAGS,2020-06-03,16.67,16.67,16.67,16.67,1
9382,TAGS,2020-06-04,17.31,17.30,17.31,17.30,237
9383,TAGS,2020-06-05,17.11,17.59,17.59,16.73,672
9384,TAGS,2020-06-08,17.20,17.64,17.64,17.20,216
9385,TAGS,2020-06-09,17.22,17.40,17.40,17.22,112
9386,TAGS,2020-06-10,17.25,17.42,17.42,17.25,112
9387,TAGS,2020-06-11,17.01,17.00,17.55,17.00,965
9388,TAGS,2020-06-12,17.01,17.00,17.01,17.00,209
9389,TAGS,2020-06-15,16.93,17.00,17.00,16.93,833
9390,TAGS,2020-06-16,16.61,16.73,16.73,16.61,352
9391,TAGS,2020-06-17,16.54,16.22,16.54,16.22,378
9392,TAGS,2020-06-18,16.64,16.73,16.73,16.64,215
9393,TAGS,2020-06-19,16.86,16.86,16.86,16.86,2
9394,TAGS,2020-06-22,16.81,16.90,16.93,16.81,1021
9395,TAGS,2020-06-23,16.88,16.88,16.88,16.88,6
9396,TAGS,2020-06-24,16.65,16.65,16.65,16.65,0
9397,TAGS,2020-06-25,16.41,16.93,17.07,16.41,900
9398,TAGS,2020-06-26,16.30,16.88,17.23,16.30,1302
9399,TAGS,2020-06-29,17.30,17.06,17.30,17.04,834
9400,TAGS,2020-06-30,16.79,17.29,17.38,16.79,913
9401,TAGS,2020-07-01,17.09,17.93,17.94,16.82,722
9402,TAGS,2020-07-02,17.34,17.34,17.34,17.34,36
9403,TAGS,2020-07-06,17.26,17.26,17.26,17.26,656
9404,TAGS,2020-07-07,17.26,17.26,17.26,17.26,7
9405,TAGS,2020-07-08,17.33,17.33,17.33,17.33,0
9406,TAGS,2020-07-09,17.55,17.33,17.55,17.33,205
9407,TAGS,2020-07-10,17.56,17.56,17.56,17.56,4
9408,TAGS,2020-07-13,17.26,18.11,18.12,17.26,718
9409,TAGS,2020-07-14,17.65,17.46,17.93,17.46,214
9410,TAGS,2020-07-15,17.39,17.10,17.39,17.10,398
9411,TAGS,2020-07-16,17.85,18.24,18.25,17.22,1646
9412,TAGS,2020-07-17,17.14,17.96,17.96,16.90,3149
9413,TAGS,2020-07-20,17.53,18.13,18.44,17.53,1910
9414,TAGS,2020-07-21,17.04,17.04,17.04,17.04,116
9415,TAGS,2020-07-22,17.32,17.32,17.32,17.32,61
9416,TAGS,2020-07-23,17.03,17.58,17.80,17.03,2070
9417,TAGS,2020-07-24,17.17,17.17,17.17,17.17,8
9418,TAGS,2020-07-27,17.28,17.28,17.28,17.28,10
9419,TAGS,2020-07-28,17.52,17.94,17.94,17.20,932
9420,TAGS,2020-07-29,17.61,17.61,17.61,17.61,0
9421,TAGS,2020-07-30,17.62,17.62,17.62,17.62,0
9422,TAGS,2020-07-31,17.71,17.86,17.86,17.71,100
9423,TAGS,2020-08-03,17.80,17.79,17.80,17.79,264
9424,TAGS,2020-08-04,17.51,17.96,18.12,17.51,3095
9425,TAGS,2020-08-05,17.45,17.52,17.57,17.23,1582
9426,TAGS,2020-08-06,17.19,17.46,17.46,17.19,350
9427,TAGS,2020-08-07,17.25,17.44,17.44,17.25,104
9428,TAGS,2020-08-10,17.38,17.21,17.38,17.21,214
9429,TAGS,2020-08-11,16.89,17.32,17.32,16.89,114
9430,TAGS,2020-08-12,16.89,17.44,17.44,16.89,272
9431,TAGS,2020-08-13,17.24,17.00,17.24,17.00,371
9432,TAGS,2020-08-14,17.26,17.87,17.87,17.26,2089
9433,TAGS,2020-08-17,18.19,17.66,18.19,17.66,1201
9434,TAGS,2020-08-18,17.90,18.33,18.33,17.36,3431
9435,TAGS,2020-08-19,17.96,18.22,18.24,17.79,2635
9436,TAGS,2020-08-20,18.22,18.30,18.30,17.48,3245
9437,TAGS,2020-08-21,18.11,18.35,18.35,17.59,2892
9438,TAGS,2020-08-24,18.15,18.31,18.32,17.60,1806
9439,TAGS,2020-08-25,18.41,18.31,18.41,17.52,3612
9440,TAGS,2020-08-26,17.91,18.00,18.00,17.88,1727
9441,TAGS,2020-08-27,17.97,18.52,18.56,17.78,6392
9442,TAGS,2020-08-28,18.14,17.96,18.14,17.96,348
9443,TAGS,2020-08-31,18.08,18.58,18.80,17.70,4534
9444,TAGS,2020-09-01,18.14,18.66,18.66,17.96,3071
9445,TAGS,2020-09-02,17.95,18.70,18.70,17.95,1264
9446,TAGS,2020-09-03,17.82,18.42,18.42,17.58,3481
9447,TAGS,2020-09-04,18.06,18.40,18.40,17.60,3324
9448,TAGS,2020-09-08,17.80,17.33,17.80,17.33,661
9449,TAGS,2020-09-09,17.89,17.79,17.89,17.59,419
9450,TAGS,2020-09-10,17.66,18.21,18.21,17.66,1944
9451,TAGS,2020-09-11,18.05,17.56,18.05,17.56,362
9452,TAGS,2020-09-14,17.95,17.95,17.95,17.95,218
9453,TAGS,2020-09-15,17.82,18.40,18.40,17.82,1682
9454,TAGS,2020-09-16,17.87,18.40,18.56,17.63,3586
9455,TAGS,2020-09-17,18.28,18.53,18.53,18.02,1734
9456,TAGS,2020-09-18,18.59,18.60,19.24,18.33,5215
9457,TAGS,2020-09-21,18.63,18.41,19.10,18.41,3267
9458,TAGS,2020-09-22,18.63,18.92,18.92,18.50,2123
9459,TAGS,2020-09-23,18.25,18.25,18.25,18.25,12
9460,TAGS,2020-09-24,18.25,18.25,18.25,18.25,21
9461,TAGS,2020-09-25,18.25,18.44,18.44,18.25,287
9462,TAGS,2020-09-28,18.13,18.13,18.13,18.13,19
9463,TAGS,2020-09-29,17.98,17.58,17.98,17.58,574
9464,TAGS,2020-09-30,18.41,18.00,18.41,18.00,881
9465,TAGS,2020-10-01,18.63,18.63,18.63,18.63,35
9466,TAGS,2020-10-02,18.44,18.16,18.44,18.16,872
9467,TAGS,2020-10-05,18.73,18.50,18.73,18.50,105
9468,TAGS,2020-10-06,18.72,18.72,18.72,18.72,28
9469,TAGS,2020-10-07,18.90,18.84,18.90,18.84,139
9470,TAGS,2020-10-08,18.70,18.70,18.70,18.70,35
9471,TAGS,2020-10-09,18.90,18.72,18.90,18.72,474
9472,TAGS,2020-10-12,18.69,18.69,18.69,18.69,316
9473,TAGS,2020-10-13,18.69,18.59,18.69,18.39,1163
9474,TAGS,2020-10-14,18.85,18.85,18.85,18.85,113
9475,TAGS,2020-10-15,18.77,18.68,18.78,18.68,381
9476,TAGS,2020-10-16,18.86,18.86,18.86,18.86,153
9477,TAGS,2020-10-19,19.63,18.89,20.34,18.89,13935
9478,TAGS,2020-10-20,19.85,19.39,19.85,19.39,508
9479,TAGS,2020-10-21,19.58,19.58,19.58,19.58,147
9480,TAGS,2020-10-22,20.11,20.11,20.11,20.11,105
9481,TAGS,2020-10-23,19.59,19.00,20.05,19.00,4840
9482,TAGS,2020-10-26,19.31,19.92,19.92,19.31,265
9483,TAGS,2020-10-27,19.75,19.75,19.75,19.75,49
9484,TAGS,2020-10-28,19.38,19.68,19.68,19.38,1013
9485,TAGS,2020-10-29,19.43,19.50,19.50,19.43,186
9486,TAGS,2020-10-30,19.18,19.00,19.18,19.00,1349
9487,TAGS,2020-11-02,19.37,19.37,19.37,19.37,282
9488,TAGS,2020-11-03,19.10,19.36,19.36,19.10,605
9489,TAGS,2020-11-04,19.43,19.19,19.43,19.19,148
9490,TAGS,2020-11-05,19.24,19.24,19.24,19.24,91
9491,TAGS,2020-11-06,19.69,19.69,19.69,19.69,124
9492,TAGS,2020-11-09,19.44,19.44,19.44,19.44,251
9493,TAGS,2020-11-10,19.83,19.83,19.83,19.83,63
9494,TAGS,2020-11-11,19.60,19.86,19.86,19.60,424
9495,TAGS,2020-11-12,19.65,19.80,19.80,19.63,1140
9496,TAGS,2020-11-13,19.65,19.65,19.65,19.65,210
9497,TAGS,2020-11-16,19.89,19.89,19.89,19.89,17
9498,TAGS,2020-11-17,19.85,19.85,19.85,19.85,115
9499,TAGS,2020-11-18,19.95,20.45,20.50,19.95,6664
9500,TAGS,2020-11-19,19.84,19.99,19.99,19.84,647
9501,TAGS,2020-11-20,19.76,19.87,19.87,19.76,1014
9502,TAGS,2020-11-23,19.94,19.72,20.00,19.72,482
9503,TAGS,2020-11-24,19.97,19.92,20.05,19.89,707
9504,TAGS,2020-11-25,19.72,19.98,19.98,19.72,1601
9505,TAGS,2020-11-27,19.91,19.79,19.91,19.79,365
9506,TAGS,2020-11-30,19.79,19.69,19.79,19.69,570
9507,TAGS,2020-12-01,19.87,19.87,19.87,19.87,280
9508,TAGS,2020-12-02,19.88,19.64,20.05,19.64,890
9509,TAGS,2020-12-03,19.75,19.75,19.75,19.75,111
9510,TAGS,2020-12-04,19.63,19.67,19.67,19.63,276
9511,TAGS,2020-12-07,19.79,19.80,19.89,19.64,944
9512,TAGS,2020-12-08,19.60,19.65,19.66,19.60,526
9513,TAGS,2020-12-09,19.75,19.66,19.75,19.63,768
9514,TAGS,2020-12-10,20.10,20.44,20.44,19.97,2119
9515,TAGS,2020-12-11,19.90,19.84,19.98,19.84,555
9516,TAGS,2020-12-14,20.01,20.12,20.12,19.90,849
9517,TAGS,2020-12-15,19.81,19.89,19.90,19.81,1077
9518,TAGS,2020-12-16,20.03,20.45,20.45,19.76,1902
9519,TAGS,2020-12-17,20.11,20.33,20.35,19.71,3037
9520,TAGS,2020-12-18,20.40,20.40,20.40,20.40,204
9521,TAGS,2020-12-21,20.32,19.76,20.32,19.76,807
9522,TAGS,2020-12-22,20.25,20.34,20.34,20.25,802
9523,TAGS,2020-12-23,20.43,20.40,20.45,20.40,559
9524,TAGS,2020-12-24,20.42,20.50,20.50,20.42,411
9525,TAGS,2020-12-28,20.31,20.40,20.49,20.31,990
9526,TAGS,2020-12-29,20.69,20.50,21.03,20.50,957
9527,TAGS,2020-12-30,20.91,20.81,21.30,20.81,2512
9528,TAGS,2020-12-31,21.21,21.89,21.89,21.10,4582
9529,TAGS,2021-01-04,21.38,22.12,22.29,21.27,7926
9530,TAGS,2021-01-05,21.98,21.92,21.98,21.50,3544
9531,TAGS,2021-01-06,21.86,21.71,22.00,21.71,3174
9532,TAGS,2021-01-07,22.07,22.27,22.63,21.96,4954
9533,TAGS,2021-01-08,21.87,22.10,22.10,21.76,3655
9534,TAGS,2021-01-11,21.72,22.00,22.00,21.72,3387
9535,TAGS,2021-01-12,22.43,21.89,22.50,21.77,9384
9536,TAGS,2021-01-13,22.40,22.75,22.75,22.27,8631
9537,TAGS,2021-01-14,22.84,22.59,22.84,22.40,8847
9538,TAGS,2021-01-15,22.94,23.03,23.03,22.80,4229
9539,TAGS,2021-01-19,22.53,22.94,23.48,22.41,19669
9540,TAGS,2021-01-20,22.32,22.48,22.55,22.15,7566
9541,TAGS,2021-01-21,22.16,22.79,22.80,22.08,4923
9542,TAGS,2021-01-22,21.51,22.07,22.07,21.50,3352
9543,TAGS,2021-01-25,21.62,21.38,21.78,21.33,9222
9544,TAGS,2021-01-26,22.10,22.13,22.29,21.95,5027
9545,TAGS,2021-01-27,22.09,22.42,22.52,21.85,7171
9546,TAGS,2021-01-28,21.80,22.29,22.29,21.80,13428
9547,TAGS,2021-01-29,22.25,22.25,22.25,21.81,7516
9548,TAGS,2021-02-01,22.23,22.40,22.40,21.91,8826
9549,TAGS,2021-02-02,22.07,22.81,22.81,21.94,8101
9550,TAGS,2021-02-03,22.16,21.71,22.32,21.71,1369
9551,TAGS,2021-02-04,22.09,22.03,22.09,22.00,2597
9552,TAGS,2021-02-05,22.24,22.11,22.35,22.00,1455
9553,TAGS,2021-02-08,22.58,22.49,22.70,22.39,8307
9554,TAGS,2021-02-09,22.49,22.56,22.77,22.29,7952
9555,TAGS,2021-02-10,22.20,22.52,22.52,22.10,5923
9556,TAGS,2021-02-11,22.49,22.25,23.16,22.25,5547
9557,TAGS,2021-02-12,22.18,22.78,22.80,22.18,3378
9558,TAGS,2021-02-16,22.49,22.19,22.69,22.19,4773
9559,TAGS,2021-02-17,22.60,22.47,23.20,22.19,19194
9560,TAGS,2021-02-18,22.75,22.84,23.05,22.45,3507
9561,TAGS,2021-02-19,22.84,23.00,23.08,22.71,62071
9562,TAGS,2021-02-22,23.17,23.17,23.42,21.70,145309
9563,TAGS,2021-02-23,23.24,23.82,23.82,23.04,6133
9564,TAGS,2021-02-24,23.50,23.56,23.56,23.28,16833
9565,TAGS,2021-02-25,23.14,23.45,23.45,22.93,11468
9566,TAGS,2021-02-26,22.79,23.31,23.31,22.63,18750
9567,TAGS,2021-03-01,22.72,22.85,22.87,22.60,2540
9568,TAGS,2021-03-02,22.91,22.74,22.92,22.63,2504
9569,TAGS,2021-03-03,22.59,22.61,22.68,22.54,1938
9570,TAGS,2021-03-04,22.63,22.45,22.88,22.45,3026
9571,TAGS,2021-03-05,22.99,22.79,22.99,22.79,1803
9572,TAGS,2021-03-08,22.91,22.95,22.95,22.71,15117
9573,TAGS,2021-03-09,22.88,22.76,22.88,22.66,2032
9574,TAGS,2021-03-10,22.58,22.64,22.64,22.55,1204
9575,TAGS,2021-03-11,22.81,22.82,23.00,22.65,35036
9576,TAGS,2021-03-12,22.66,22.75,22.82,22.66,1706
9577,TAGS,2021-03-15,22.86,22.65,22.87,22.61,4372
9578,TAGS,2021-03-16,22.94,22.86,22.94,22.61,6352
9579,TAGS,2021-03-17,22.72,22.63,22.72,22.63,791
9580,TAGS,2021-03-18,22.26,22.65,22.67,22.22,3360
9581,TAGS,2021-03-19,22.47,22.42,22.47,22.28,2783
9582,TAGS,2021-03-22,22.25,22.74,22.74,22.18,3408
9583,TAGS,2021-03-23,22.30,22.13,22.43,22.13,815
9584,TAGS,2021-03-24,22.31,22.44,22.44,22.30,1085
9585,TAGS,2021-03-25,22.03,22.08,22.12,21.88,2395
9586,TAGS,2021-03-26,22.05,22.02,22.08,21.93,4063
9587,TAGS,2021-03-29,21.94,21.89,22.02,21.36,3531
9588,TAGS,2021-03-30,21.65,21.95,21.95,21.54,3387
9589,TAGS,2021-03-31,22.37,21.52,22.44,21.52,5976
9590,TAGS,2021-04-01,22.27,22.33,22.45,22.14,6492
9591,TAGS,2021-04-05,22.43,22.51,22.58,22.21,11176
9592,TAGS,2021-04-06,22.38,22.37,22.45,22.32,3408
9593,TAGS,2021-04-07,22.54,22.48,23.20,22.41,44540
9594,TAGS,2021-04-08,22.78,22.78,22.78,22.78,534
9595,TAGS,2021-04-09,22.92,22.92,22.95,22.92,1690
9596,TAGS,2021-04-12,22.66,23.20,23.20,22.66,1537
9597,TAGS,2021-04-13,22.85,22.75,22.98,22.75,832
9598,TAGS,2021-04-14,23.30,22.90,23.35,22.90,3213
9599,TAGS,2021-04-15,23.44,23.43,23.50,23.42,5950
9600,TAGS,2021-04-16,23.65,23.67,23.67,23.50,5416
9601,TAGS,2021-04-19,23.63,23.84,23.84,23.63,737
9602,TAGS,2021-04-20,24.10,23.90,24.14,23.90,9411
9603,TAGS,2021-04-21,24.30,24.15,24.45,23.96,11521
9604,TAGS,2021-04-22,25.06,24.35,25.21,24.33,19473
9605,TAGS,2021-04-23,24.99,24.55,25.13,24.55,10973
9606,TAGS,2021-04-26,25.72,25.30,25.85,25.30,15573
9607,TAGS,2021-04-27,25.79,26.02,26.12,25.35,33698
9608,TAGS,2021-04-28,25.16,25.77,25.77,25.05,19241
9609,TAGS,2021-04-29,25.13,25.06,25.23,24.90,5769
9610,TAGS,2021-04-30,25.56,25.14,25.64,25.14,5759
9611,TAGS,2021-05-03,25.51,25.79,26.15,25.34,22069
9612,TAGS,2021-05-04,25.73,25.48,25.92,25.48,10126
9613,TAGS,2021-05-05,26.50,26.08,26.50,25.87,24348
9614,TAGS,2021-05-06,26.85,26.70,27.61,26.35,32659
9615,TAGS,2021-05-07,27.12,27.30,27.65,26.58,26253
9616,TAGS,2021-05-10,26.63,27.25,27.62,26.35,21551
9617,TAGS,2021-05-11,26.89,26.63,26.99,26.63,18193
9618,TAGS,2021-05-12,26.62,27.07,27.07,26.45,20307
9619,TAGS,2021-05-13,25.65,26.37,26.37,25.24,22943
9620,TAGS,2021-05-14,25.25,25.65,25.84,25.25,14744
9621,TAGS,2021-05-17,25.28,25.23,25.45,25.12,12740
9622,TAGS,2021-05-18,25.61,25.56,25.63,25.37,7823
9623,TAGS,2021-05-19,25.20,25.24,25.24,24.70,26717
9624,TAGS,2021-05-20,25.28,25.12,25.34,25.12,1884
9625,TAGS,2021-05-21,25.10,25.58,25.58,24.97,2023
9626,TAGS,2021-05-24,24.97,24.92,25.01,24.70,9008
9627,TAGS,2021-05-25,24.62,25.01,25.04,24.60,27067
9628,TAGS,2021-05-26,24.62,24.50,24.63,24.20,8947
9629,TAGS,2021-05-27,25.38,24.96,25.51,24.96,6767
9630,TAGS,2021-05-28,25.19,25.53,25.53,25.19,3504
9631,TAGS,2021-06-01,26.01,25.66,26.72,25.56,11689
9632,TAGS,2021-06-02,26.00,25.96,26.17,25.80,4617
9633,TAGS,2021-06-03,25.72,25.89,25.93,25.72,2267
9634,TAGS,2021-06-04,26.24,25.98,26.33,25.98,5277
9635,TAGS,2021-06-07,26.38,26.49,26.53,26.22,4961
9636,TAGS,2021-06-08,26.69,26.48,27.32,26.48,11688
9637,TAGS,2021-06-09,26.52,26.58,26.61,26.45,2374
9638,TAGS,2021-06-10,26.72,26.60,26.82,26.60,18258
9639,TAGS,2021-06-11,26.48,26.50,26.51,26.16,7139
9640,TAGS,2021-06-14,25.81,26.24,26.24,25.58,5941
9641,TAGS,2021-06-15,25.42,25.56,25.70,25.35,5546
9642,TAGS,2021-06-16,25.37,25.57,25.78,25.28,7698
9643,TAGS,2021-06-17,24.17,25.00,25.00,24.12,13231
9644,TAGS,2021-06-18,24.92,24.22,25.07,24.04,4609
9645,TAGS,2021-06-21,25.00,25.00,25.26,24.50,4346
9646,TAGS,2021-06-22,24.65,24.73,24.81,24.65,2876
9647,TAGS,2021-06-23,24.74,24.79,25.00,24.66,2257
9648,TAGS,2021-06-24,24.63,24.45,24.79,24.15,6706
9649,TAGS,2021-06-25,24.37,24.43,24.51,24.29,2985
9650,TAGS,2021-06-28,24.96,24.60,25.04,24.60,4777
9651,TAGS,2021-06-29,24.94,25.22,25.26,24.90,3219
9652,TAGS,2021-06-30,26.05,24.70,26.10,24.57,9367
9653,TAGS,2021-07-01,25.83,26.37,26.37,25.83,1936
9654,TAGS,2021-07-02,25.83,25.79,25.87,25.75,1804
9655,TAGS,2021-07-06,24.74,25.17,25.71,24.28,10597
9656,TAGS,2021-07-07,24.75,24.45,24.83,24.45,796
9657,TAGS,2021-07-08,24.49,24.50,24.56,24.40,1648
9658,TAGS,2021-07-09,24.42,24.42,24.42,24.42,304
9659,TAGS,2021-07-12,24.75,24.51,24.86,24.47,2598
9660,TAGS,2021-07-13,24.93,24.91,25.09,24.90,5500
9661,TAGS,2021-07-14,25.35,25.35,25.42,25.23,8321
9662,TAGS,2021-07-15,25.59,25.52,25.60,25.23,1809
9663,TAGS,2021-07-16,25.67,25.61,25.90,25.54,6419
9664,TAGS,2021-07-19,25.61,25.81,25.90,25.54,9914
9665,TAGS,2021-07-20,25.92,25.79,26.14,25.79,3524
9666,TAGS,2021-07-21,25.99,26.27,26.27,25.86,4255
9667,TAGS,2021-07-22,25.81,25.75,25.81,25.50,4285
9668,TAGS,2021-07-23,25.50,25.96,25.96,25.41,5345
9669,TAGS,2021-07-26,25.77,25.32,25.80,25.32,1744
9670,TAGS,2021-07-27,25.63,25.81,26.08,25.63,3057
9671,TAGS,2021-07-28,25.86,25.82,25.86,25.78,1062
9672,TAGS,2021-07-29,26.07,26.06,26.10,26.05,3702
9673,TAGS,2021-07-30,25.79,25.92,25.92,25.75,924
9674,TAGS,2021-08-02,26.22,26.22,26.50,26.00,4419
9675,TAGS,2021-08-03,25.99,26.04,26.05,25.82,4251
9676,TAGS,2021-08-04,25.93,25.83,26.00,25.83,1049
9677,TAGS,2021-08-05,26.14,26.04,26.14,26.04,1368
9678,TAGS,2021-08-06,26.34,26.22,26.38,26.16,787
9679,TAGS,2021-08-09,26.21,26.29,26.32,26.07,3949
9680,TAGS,2021-08-10,26.37,26.50,26.55,26.31,81363
9681,TAGS,2021-08-11,26.54,26.57,26.69,26.54,4193
9682,TAGS,2021-08-12,26.97,26.53,27.24,26.53,2660
9683,TAGS,2021-08-13,27.20,27.34,27.34,27.16,947
9684,TAGS,2021-08-16,27.21,27.28,27.30,27.12,1813
9685,TAGS,2021-08-17,26.95,27.00,27.04,26.90,1679
9686,TAGS,2021-08-18,27.02,26.99,27.13,26.93,9085
9687,TAGS,2021-08-19,26.56,26.80,26.80,26.46,3180
9688,TAGS,2021-08-23,26.32,26.04,26.40,26.04,8270
9689,TAGS,2021-08-24,26.58,26.55,26.66,26.49,3656
9690,TAGS,2021-08-25,26.70,26.37,26.80,26.37,2592
9691,TAGS,2021-08-26,26.70,26.77,26.77,26.65,1818
9692,TAGS,2021-08-27,26.74,26.69,26.77,26.55,7689
9693,TAGS,2021-08-30,26.67,26.70,26.72,26.50,1096
9694,TAGS,2021-08-31,26.44,26.47,26.51,26.27,3367
9695,TAGS,2021-09-01,26.16,26.23,26.37,26.16,834
9696,TAGS,2021-09-02,26.28,26.16,26.34,26.16,1629
9697,TAGS,2021-09-03,26.34,26.34,26.34,26.34,188
9698,TAGS,2021-09-07,26.05,26.47,26.47,25.95,3043
9699,TAGS,2021-09-08,25.89,26.03,26.03,25.80,4279
9700,TAGS,2021-09-09,25.58,25.83,25.83,25.57,3550
9701,TAGS,2021-09-10,25.72,25.45,25.85,25.39,11675
9702,TAGS,2021-09-13,25.71,25.63,25.71,25.49,836
9703,TAGS,2021-09-14,25.82,25.35,25.84,25.35,2261
9704,TAGS,2021-09-15,26.28,26.04,26.28,26.04,1344
9705,TAGS,2021-09-16,26.18,26.07,26.18,26.05,1866
9706,TAGS,2021-09-17,25.93,26.10,26.10,25.93,1244
9707,TAGS,2021-09-20,25.73,25.57,25.78,25.57,1063
9708,TAGS,2021-09-21,25.64,25.56,25.64,25.52,3139
9709,TAGS,2021-09-22,25.95,25.78,25.95,25.69,2244
9710,TAGS,2021-09-23,26.29,26.17,26.29,26.05,1843
9711,TAGS,2021-09-24,26.06,26.08,26.09,26.06,711
9712,TAGS,2021-09-27,26.29,26.50,26.50,26.15,3058
9713,TAGS,2021-09-28,26.13,26.42,26.42,25.97,1638
9714,TAGS,2021-09-29,26.03,26.10,26.17,26.03,972
9715,TAGS,2021-09-30,26.32,26.26,26.37,26.07,3915
9716,TAGS,2021-10-01,26.57,26.46,26.60,26.32,4014
9717,TAGS,2021-10-04,26.51,26.75,26.75,26.38,5130
9718,TAGS,2021-10-05,26.46,26.64,26.64,26.46,933
9719,TAGS,2021-10-06,26.33,26.41,26.42,26.33,962
9720,TAGS,2021-10-07,26.39,26.28,26.40,26.20,3447
9721,TAGS,2021-10-08,26.39,26.46,26.47,26.39,541
9722,TAGS,2021-10-11,26.37,26.41,26.49,26.37,1681
9723,TAGS,2021-10-12,26.11,26.45,26.45,26.02,2872
9724,TAGS,2021-10-13,25.83,26.49,26.49,25.68,3868
9725,TAGS,2021-10-14,25.90,25.83,25.93,25.79,2262
9726,TAGS,2021-10-15,26.26,26.15,26.29,26.15,3181
9727,TAGS,2021-10-18,26.17,26.31,26.31,26.10,5375
9728,TAGS,2021-10-19,26.21,26.19,26.32,26.15,2502
9729,TAGS,2021-10-20,26.36,26.30,26.36,26.19,2279
9730,TAGS,2021-10-21,26.08,26.08,26.08,26.08,114
9731,TAGS,2021-10-22,26.24,26.33,26.33,26.23,937
9732,TAGS,2021-10-25,26.45,26.46,26.46,26.40,580
9733,TAGS,2021-10-26,26.56,26.35,26.56,26.35,1069
9734,TAGS,2021-10-27,26.78,26.50,26.85,26.50,2011
9735,TAGS,2021-10-28,26.94,27.03,27.03,26.92,1714
9736,TAGS,2021-10-29,27.04,27.01,27.21,26.89,4619
9737,TAGS,2021-11-01,27.20,27.27,27.27,27.13,1820
9738,TAGS,2021-11-02,27.18,26.90,28.00,26.90,25701
9739,TAGS,2021-11-03,26.96,27.03,27.04,26.95,3701
9740,TAGS,2021-11-04,26.85,27.04,27.10,26.85,2386
9741,TAGS,2021-11-05,27.06,26.97,27.06,26.70,2386
9742,TAGS,2021-11-08,26.61,26.71,26.74,26.61,4190
9743,TAGS,2021-11-09,26.99,26.88,27.04,26.50,4893
9744,TAGS,2021-11-10,27.14,26.87,27.20,26.87,2632
9745,TAGS,2021-11-11,27.32,27.58,27.59,27.20,2702
9746,TAGS,2021-11-12,27.57,27.34,27.60,27.34,3837
9747,TAGS,2021-11-15,27.63,27.65,27.67,27.47,13720
9748,TAGS,2021-11-16,27.38,27.57,27.57,27.38,3950
9749,TAGS,2021-11-17,27.89,27.88,27.89,27.84,5709
9750,TAGS,2021-11-18,27.68,28.00,28.01,27.68,2956
9751,TAGS,2021-11-19,27.68,27.66,27.70,27.65,1097
9752,TAGS,2021-11-22,27.91,27.81,27.91,27.75,3367
9753,TAGS,2021-11-23,27.96,27.83,28.06,27.71,5084
9754,TAGS,2021-11-24,27.85,28.12,28.27,27.83,14470
9755,TAGS,2021-11-26,27.45,27.74,27.74,27.13,4861
9756,TAGS,2021-11-29,27.12,27.85,27.85,27.12,1579
9757,TAGS,2021-11-30,26.48,27.10,27.10,26.22,4547
9758,TAGS,2021-12-01,26.52,26.49,26.59,26.35,2775
9759,TAGS,2021-12-02,27.01,26.50,27.06,26.42,8941
9760,TAGS,2021-12-03,26.88,27.19,27.19,26.78,3723
9761,TAGS,2021-12-06,26.96,26.90,27.06,26.59,2660
9762,TAGS,2021-12-07,27.07,26.90,27.14,26.90,2016
9763,TAGS,2021-12-08,27.15,27.05,27.15,27.02,1426
9764,TAGS,2021-12-09,27.01,26.85,27.08,26.83,2155
9765,TAGS,2021-12-10,27.10,26.99,27.18,26.99,783
9766,TAGS,2021-12-13,26.83,27.48,27.48,26.83,2581
9767,TAGS,2021-12-14,27.03,26.78,27.15,26.78,2243
9768,TAGS,2021-12-15,26.69,26.90,26.90,26.60,2182
9769,TAGS,2021-12-16,26.87,26.60,26.94,26.60,2520
9770,TAGS,2021-12-17,26.84,26.94,26.94,26.84,218
9771,TAGS,2021-12-20,26.66,26.60,26.66,26.55,8116
9772,TAGS,2021-12-21,27.06,26.72,27.06,26.72,2003
9773,TAGS,2021-12-22,27.52,27.37,27.53,27.37,90736
9774,TAGS,2021-12-23,27.55,27.52,27.61,27.47,2350
9775,TAGS,2021-12-27,27.84,27.77,27.86,27.68,50083
9776,TAGS,2021-12-28,27.36,27.63,27.66,27.29,17964
9777,TAGS,2021-12-29,27.46,27.35,27.48,27.35,1321
9778,TAGS,2021-12-30,27.05,27.25,27.25,27.05,2307
9779,TAGS,2021-12-31,26.94,27.05,27.11,26.92,4355
9780,TAGS,2022-01-03,27.05,26.94,27.21,26.75,2682
9781,TAGS,2022-01-04,27.38,27.01,27.42,27.01,3173
9782,TAGS,2022-01-05,27.16,27.25,27.29,27.08,8770
9783,TAGS,2022-01-06,26.98,27.30,27.30,26.77,4470
9784,TAGS,2022-01-07,27.13,26.76,27.16,26.73,4635
9785,TAGS,2022-01-10,26.83,27.26,27.26,26.79,7585
9786,TAGS,2022-01-11,27.07,26.81,27.13,26.81,8321
9787,TAGS,2022-01-12,27.06,26.99,27.10,26.97,2821
9788,TAGS,2022-01-13,26.65,27.25,27.25,26.63,92988
9789,TAGS,2022-01-14,26.77,26.75,26.84,26.66,3745
9790,TAGS,2022-01-18,27.06,26.80,27.09,26.80,2342
9791,TAGS,2022-01-19,27.65,26.91,27.71,26.91,9111
9792,TAGS,2022-01-20,27.64,27.83,27.83,27.56,5054
9793,TAGS,2022-01-21,27.59,27.48,27.70,27.48,8917
9794,TAGS,2022-01-24,27.69,27.57,27.73,27.33,5220
9795,TAGS,2022-01-25,27.88,28.00,28.05,27.76,7287
9796,TAGS,2022-01-26,27.82,28.10,28.10,27.59,6515
9797,TAGS,2022-01-27,27.68,27.65,27.69,27.65,1550
9798,TAGS,2022-01-28,27.86,27.77,27.87,27.77,1897
9799,TAGS,2022-01-31,27.69,27.72,27.72,27.56,2206
9800,TAGS,2022-02-01,27.94,27.87,28.16,27.87,3137
9801,TAGS,2022-02-02,27.69,27.95,27.99,27.55,3621
9802,TAGS,2022-02-03,27.67,27.60,27.75,27.60,1570
9803,TAGS,2022-02-04,27.88,27.70,27.88,27.70,1139
9804,TAGS,2022-02-07,28.25,28.17,28.30,28.05,5111
9805,TAGS,2022-02-08,28.18,28.16,28.26,28.03,4754
9806,TAGS,2022-02-09,28.62,28.38,28.63,28.38,3960
9807,TAGS,2022-02-10,28.32,29.06,29.06,28.25,5363
9808,TAGS,2022-02-11,28.67,28.64,28.67,28.31,1510
9809,TAGS,2022-02-14,28.76,29.99,29.99,28.46,5280
9810,TAGS,2022-02-15,28.29,28.82,28.82,28.00,5558
9811,TAGS,2022-02-16,28.41,28.46,28.55,28.38,3125
9812,TAGS,2022-02-17,28.76,28.57,28.78,28.57,6904
9813,TAGS,2022-02-18,28.70,28.50,28.90,28.50,4498
9814,TAGS,2022-02-22,29.52,28.95,29.61,28.95,15114
9815,TAGS,2022-02-23,30.01,29.75,30.16,29.62,39211
9816,TAGS,2022-02-24,30.21,32.07,32.07,30.05,53984
9817,TAGS,2022-02-25,28.95,30.00,30.00,28.90,19980
9818,TAGS,2022-02-28,30.19,29.77,30.21,29.51,18952
9819,TAGS,2022-03-01,31.82,30.86,31.87,30.85,46386
9820,TAGS,2022-03-02,31.74,32.60,35.85,31.17,163360
9821,TAGS,2022-03-03,33.22,32.11,35.00,32.11,41646
9822,TAGS,2022-03-04,32.87,34.75,37.91,32.26,130424
9823,TAGS,2022-03-07,34.52,36.14,36.21,33.22,224014
9824,TAGS,2022-03-08,33.37,34.65,34.65,32.31,107173
9825,TAGS,2022-03-09,32.70,33.50,33.50,32.11,63035
9826,TAGS,2022-03-10,32.79,33.15,33.22,32.30,42196
9827,TAGS,2022-03-11,33.23,32.80,33.38,32.32,26124
9828,TAGS,2022-03-14,32.73,33.15,33.15,32.44,37348
9829,TAGS,2022-03-15,32.87,32.71,32.87,32.21,34601
9830,TAGS,2022-03-16,31.48,33.22,33.22,31.41,74871
9831,TAGS,2022-03-17,32.44,31.73,32.66,31.73,18133
9832,TAGS,2022-03-18,32.36,32.33,32.37,31.97,19040
9833,TAGS,2022-03-21,33.28,33.00,33.50,32.60,138038
9834,TAGS,2022-03-22,33.45,33.55,33.55,33.07,28187
9835,TAGS,2022-03-23,33.44,33.70,33.88,33.43,23291
9836,TAGS,2022-03-24,33.30,33.58,33.58,33.12,30898
9837,TAGS,2022-03-25,33.62,33.43,33.62,33.24,14926
9838,TAGS,2022-03-28,32.87,33.55,33.55,32.80,25895
9839,TAGS,2022-03-29,32.28,32.09,32.35,31.44,154305
9840,TAGS,2022-03-30,32.68,32.50,32.91,32.50,11943
9841,TAGS,2022-03-31,32.52,32.70,33.44,32.35,22547
9842,TAGS,2022-04-01,32.21,32.59,32.59,32.20,16452
9843,TAGS,2022-04-04,32.80,32.60,32.97,32.60,91283
9844,TAGS,2022-04-05,33.38,33.24,33.60,33.23,20161
9845,TAGS,2022-04-06,33.41,33.46,33.49,33.13,13001
9846,TAGS,2022-04-07,33.62,33.41,33.62,33.33,28855
9847,TAGS,2022-04-08,34.25,33.88,34.25,33.87,45353
9848,TAGS,2022-04-11,34.47,34.58,34.58,34.25,46892
9849,TAGS,2022-04-12,34.95,34.80,35.00,34.65,44353
9850,TAGS,2022-04-13,34.98,35.26,35.26,34.57,69585
9851,TAGS,2022-04-14,34.56,35.15,35.15,34.56,105578
9852,TAGS,2022-04-18,35.26,34.70,35.45,34.70,60929
9853,TAGS,2022-04-19,34.97,35.24,35.24,34.85,33477
9854,TAGS,2022-04-20,35.02,35.33,35.33,34.57,20917
9855,TAGS,2022-04-21,34.81,35.10,35.10,34.63,36738
9856,TAGS,2022-04-22,34.13,34.75,34.81,34.12,23468
9857,TAGS,2022-04-25,34.20,33.99,34.20,33.76,33765
9858,TAGS,2022-04-26,34.48,34.59,34.59,34.18,24084
9859,TAGS,2022-04-27,34.60,34.69,34.69,34.36,13680
9860,TAGS,2022-04-28,34.66,34.69,34.78,34.45,12609
9861,TAGS,2022-04-29,34.40,34.80,34.80,34.32,69281
9862,TAGS,2022-05-02,34.06,34.40,34.40,33.77,27808
9863,TAGS,2022-05-03,33.80,34.30,34.31,33.75,26753
9864,TAGS,2022-05-04,34.10,34.29,34.29,33.72,16931
9865,TAGS,2022-05-05,34.42,34.43,34.45,34.11,40369
9866,TAGS,2022-05-06,34.27,34.40,34.40,33.96,51643
9867,TAGS,2022-05-09,33.36,34.06,34.11,33.36,62220
9868,TAGS,2022-05-10,33.79,33.56,33.82,33.56,19103
9869,TAGS,2022-05-11,34.27,33.94,34.38,33.93,38540
9870,TAGS,2022-05-12,34.73,34.26,34.79,33.92,27850
9871,TAGS,2022-05-13,34.78,34.70,34.93,34.69,35461
9872,TAGS,2022-05-16,35.71,35.50,35.71,35.33,145894
